-69.017,54.484,3.189,0.020,8.500
-69.217,54.474,3.193,0.021,8.500
-69.417,54.463,3.197,0.021,8.500
-69.616,54.452,3.201,0.021,8.500
-69.816,54.439,3.205,0.021,8.500
-70.015,54.426,3.210,0.022,8.481
-70.215,54.412,3.214,0.023,8.277
-70.414,54.397,3.219,0.026,8.071
-70.613,54.381,3.225,0.030,7.862
-70.812,54.364,3.231,0.036,7.656
-71.011,54.345,3.239,0.043,7.451
-71.210,54.325,3.249,0.059,7.261
-71.409,54.302,3.263,0.075,7.084
-71.607,54.276,3.279,0.086,6.913
-71.805,54.247,3.297,0.097,6.746
-72.002,54.214,3.318,0.108,6.583
-72.198,54.177,3.340,0.119,6.424
-72.394,54.135,3.366,0.134,6.272
-72.588,54.088,3.394,0.149,6.126
-72.781,54.035,3.425,0.164,5.988
-72.972,53.976,3.459,0.180,5.855
-73.160,53.910,3.497,0.195,5.729
-73.346,53.837,3.537,0.211,5.607
-73.529,53.756,3.581,0.226,5.490
-73.708,53.667,3.628,0.242,5.377
-73.882,53.569,3.678,0.259,5.268
-74.051,53.462,3.731,0.276,5.165
-74.214,53.347,3.788,0.293,5.066
-74.370,53.222,3.849,0.313,4.974
-74.518,53.087,3.913,0.335,4.892
-74.656,52.943,3.983,0.358,4.821
-74.784,52.789,4.057,0.386,4.768
-74.899,52.626,4.137,0.421,4.743
-75.001,52.453,4.223,0.435,4.730
-75.087,52.274,4.311,0.447,4.728
-75.157,52.087,4.398,0.421,4.726
-75.211,51.894,4.479,0.388,4.749
-75.249,51.698,4.555,0.374,4.800
-75.273,51.500,4.629,0.364,4.854
-75.283,51.300,4.699,0.339,4.911
-75.279,51.100,4.765,0.316,4.982
-75.262,50.901,4.826,0.302,5.066
-75.234,50.703,4.885,0.289,5.152
-75.194,50.508,4.941,0.273,5.240
-75.143,50.314,4.994,0.258,5.332
-75.083,50.124,5.045,0.244,5.429
-75.013,49.936,5.092,0.231,5.528
-74.935,49.752,5.137,0.218,5.631
-74.848,49.572,5.179,0.205,5.737
-74.755,49.395,5.219,0.192,5.846
-74.655,49.222,5.256,0.179,5.960
-74.548,49.053,5.291,0.166,6.079
-74.436,48.888,5.322,0.153,6.202
-74.319,48.725,5.352,0.141,6.330
-74.198,48.567,5.379,0.128,6.464
-74.072,48.411,5.403,0.120,6.603
-73.943,48.259,5.427,0.111,6.743
-73.811,48.109,5.448,0.105,6.885
-73.675,47.962,5.469,0.100,7.026
-73.536,47.818,5.488,0.093,7.166
-73.395,47.677,5.506,0.087,7.307
-73.252,47.538,5.522,0.072,7.447
-73.106,47.401,5.535,0.057,7.585
-72.959,47.266,5.545,0.040,7.720
-72.811,47.132,5.551,0.023,7.852
-72.662,46.998,5.555,0.017,7.983
-72.512,46.865,5.558,0.011,8.111
-72.363,46.733,5.560,0.009,8.237
-72.213,46.601,5.561,0.007,8.361
-72.062,46.469,5.562,0.005,8.483
-71.912,46.337,5.563,0.003,8.500
-71.762,46.205,5.564,0.000,8.500
-71.612,46.073,5.563,-0.002,8.500
-71.461,45.942,5.563,-0.004,8.500
-71.311,45.810,5.562,-0.005,8.500
-71.161,45.678,5.561,-0.007,8.500
-71.011,45.545,5.559,-0.008,8.500
-70.862,45.413,5.557,-0.010,8.500
-70.712,45.280,5.555,-0.011,8.500
-70.563,45.147,5.553,-0.012,8.500
-70.414,45.013,5.551,-0.012,8.500
-70.266,44.880,5.548,-0.012,8.500
-70.118,44.745,5.546,-0.012,8.500
-69.970,44.611,5.543,-0.012,8.500
-69.823,44.476,5.541,-0.012,8.500
-69.675,44.341,5.538,-0.013,8.500
-69.529,44.205,5.536,-0.013,8.500
-69.382,44.069,5.533,-0.013,8.500
-69.236,43.932,5.531,-0.013,8.500
-69.090,43.796,5.528,-0.013,8.500
-68.945,43.659,5.526,-0.013,8.500
-68.800,43.521,5.523,-0.013,8.500
-68.655,43.383,5.520,-0.013,8.500
-68.511,43.245,5.518,-0.013,8.500
-68.367,43.106,5.515,-0.014,8.500
-68.223,42.967,5.512,-0.014,8.500
-68.080,42.827,5.510,-0.014,8.500
-67.938,42.688,5.507,-0.014,8.500
-67.795,42.547,5.504,-0.014,8.500
-67.653,42.407,5.501,-0.014,8.500
-67.511,42.266,5.498,-0.014,8.500
-67.370,42.124,5.496,-0.014,8.500
-67.229,41.982,5.493,-0.014,8.500
-67.089,41.840,5.490,-0.015,8.500
-66.949,41.697,5.487,-0.015,8.500
-66.809,41.554,5.484,-0.015,8.500
-66.670,41.411,5.481,-0.015,8.500
-66.532,41.267,5.478,-0.015,8.500
-66.393,41.123,5.475,-0.015,8.500
-66.255,40.978,5.472,-0.015,8.500
-66.118,40.833,5.469,-0.015,8.500
-65.981,40.687,5.466,-0.016,8.500
-65.845,40.541,5.463,-0.016,8.500
-65.709,40.395,5.459,-0.016,8.500
-65.573,40.248,5.456,-0.016,8.500
-65.438,40.100,5.453,-0.016,8.500
-65.303,39.953,5.450,-0.016,8.500
-65.169,39.805,5.447,-0.016,8.500
-65.035,39.656,5.443,-0.016,8.500
-64.902,39.507,5.440,-0.017,8.500
-64.770,39.357,5.437,-0.017,8.500
-64.637,39.207,5.433,-0.017,8.500
-64.506,39.057,5.430,-0.017,8.500
-64.375,38.906,5.426,-0.017,8.500
-64.244,38.755,5.423,-0.017,8.500
-64.114,38.603,5.420,-0.017,8.500
-63.984,38.451,5.416,-0.018,8.500
-63.855,38.298,5.413,-0.018,8.500
-63.727,38.145,5.409,-0.018,8.500
-63.599,37.992,5.405,-0.018,8.500
-63.471,37.838,5.402,-0.018,8.500
-63.344,37.683,5.398,-0.018,8.500
-63.218,37.528,5.395,-0.018,8.500
-63.092,37.373,5.391,-0.018,8.500
-62.967,37.217,5.387,-0.018,8.500
-62.843,37.061,5.384,-0.019,8.500
-62.718,36.904,5.380,-0.019,8.500
-62.595,36.747,5.376,-0.018,8.500
-62.472,36.589,5.372,-0.018,8.500
-62.350,36.431,5.369,-0.018,8.500
-62.228,36.273,5.365,-0.018,8.500
-62.107,36.114,5.362,-0.018,8.500
-61.987,35.954,5.358,-0.018,8.500
-61.867,35.794,5.355,-0.018,8.500
-61.747,35.634,5.351,-0.017,8.500
-61.628,35.473,5.348,-0.017,8.500
-61.510,35.312,5.344,-0.017,8.500
-61.392,35.151,5.341,-0.017,8.500
-61.275,34.989,5.337,-0.017,8.500
-61.158,34.827,5.334,-0.017,8.500
-61.042,34.664,5.331,-0.016,8.500
-60.926,34.501,5.327,-0.016,8.500
-60.811,34.337,5.324,-0.016,8.500
-60.697,34.174,5.321,-0.016,8.500
-60.583,34.009,5.318,-0.016,8.500
-60.469,33.845,5.315,-0.016,8.500
-60.356,33.680,5.312,-0.015,8.500
-60.244,33.515,5.309,-0.015,8.500
-60.132,33.349,5.305,-0.015,8.500
-60.020,33.183,5.302,-0.015,8.500
-59.909,33.017,5.300,-0.015,8.500
-59.799,32.850,5.297,-0.015,8.500
-59.689,32.684,5.294,-0.014,8.500
-59.579,32.516,5.291,-0.014,8.500
-59.470,32.349,5.288,-0.014,8.500
-59.362,32.181,5.285,-0.014,8.500
-59.254,32.013,5.282,-0.014,8.500
-59.146,31.844,5.280,-0.014,8.500
-59.039,31.676,5.277,-0.013,8.500
-58.932,31.507,5.274,-0.013,8.500
-58.826,31.337,5.272,-0.013,8.500
-58.720,31.168,5.269,-0.013,8.500
-58.615,30.998,5.267,-0.013,8.500
-58.510,30.828,5.264,-0.012,8.500
-58.405,30.658,5.262,-0.012,8.500
-58.301,30.487,5.259,-0.012,8.500
-58.197,30.316,5.257,-0.012,8.500
-58.094,30.145,5.254,-0.012,8.500
-57.991,29.974,5.252,-0.012,8.500
-57.889,29.802,5.250,-0.011,8.500
-57.787,29.630,5.247,-0.011,8.500
-57.685,29.458,5.245,-0.011,8.500
-57.583,29.286,5.243,-0.011,8.500
-57.483,29.113,5.241,-0.011,8.500
-57.382,28.941,5.239,-0.010,8.500
-57.282,28.768,5.237,-0.010,8.500
-57.182,28.595,5.235,-0.010,8.500
-57.082,28.421,5.233,-0.010,8.500
-56.983,28.248,5.231,-0.010,8.500
-56.884,28.074,5.229,-0.009,8.500
-56.786,27.900,5.227,-0.009,8.500
-56.687,27.726,5.225,-0.009,8.500
-56.589,27.552,5.223,-0.009,8.500
-56.492,27.377,5.222,-0.009,8.500
-56.395,27.203,5.220,-0.008,8.500
-56.298,27.028,5.218,-0.008,8.500
-56.201,26.853,5.217,-0.008,8.500
-56.104,26.678,5.215,-0.008,8.500
-56.008,26.503,5.214,-0.008,8.500
-55.912,26.327,5.212,-0.007,8.500
-55.817,26.152,5.211,-0.007,8.500
-55.721,25.976,5.209,-0.007,8.500
-55.626,25.800,5.208,-0.007,8.500
-55.531,25.624,5.206,-0.007,8.500
-55.437,25.448,5.205,-0.006,8.500
-55.342,25.272,5.204,-0.006,8.500
-55.248,25.096,5.203,-0.006,8.500
-55.154,24.920,5.201,-0.006,8.500
-55.060,24.743,5.200,-0.006,8.500
-54.967,24.566,5.199,-0.005,8.500
-54.873,24.390,5.198,-0.005,8.500
-54.780,24.213,5.197,-0.005,8.500
-54.687,24.036,5.196,-0.005,8.500
-54.594,23.859,5.195,-0.004,8.500
-54.501,23.682,5.194,-0.004,8.500
-54.409,23.505,5.194,-0.004,8.500
-54.316,23.328,5.193,-0.004,8.500
-54.224,23.150,5.192,-0.004,8.500
-54.132,22.973,5.191,-0.003,8.500
-54.039,22.796,5.191,-0.003,8.500
-53.947,22.618,5.190,-0.003,8.500
-53.856,22.441,5.190,-0.003,8.500
-53.764,22.263,5.189,-0.003,8.500
-53.672,22.085,5.189,-0.002,8.500
-53.581,21.908,5.188,-0.002,8.500
-53.489,21.730,5.188,-0.002,8.500
-53.398,21.552,5.187,-0.002,8.500
-53.306,21.375,5.187,-0.001,8.500
-53.215,21.197,5.187,-0.001,8.500
-53.124,21.019,5.187,-0.001,8.500
-53.032,20.841,5.186,-0.001,8.500
-52.941,20.663,5.186,-0.001,8.500
-52.850,20.485,5.186,-0.000,8.500
-52.759,20.308,5.186,-0.000,8.500
-52.668,20.130,5.186,-0.000,8.500
-52.576,19.952,5.186,0.000,8.500
-52.485,19.774,5.186,0.000,8.500
-52.394,19.596,5.186,0.001,8.500
-52.303,19.418,5.186,0.001,8.500
-52.211,19.240,5.186,0.001,8.500
-52.120,19.063,5.187,0.001,8.500
-52.029,18.885,5.187,0.001,8.500
-51.938,18.707,5.187,0.001,8.500
-51.846,18.529,5.188,0.002,8.500
-51.755,18.352,5.188,0.002,8.500
-51.663,18.174,5.188,0.002,8.500
-51.572,17.996,5.189,0.002,8.500
-51.480,17.819,5.189,0.002,8.500
-51.388,17.641,5.190,0.003,8.500
-51.296,17.464,5.190,0.003,8.500
-51.204,17.286,5.191,0.003,8.500
-51.112,17.109,5.191,0.003,8.500
-51.020,16.931,5.192,0.003,8.500
-50.928,16.754,5.193,0.004,8.500
-50.835,16.577,5.194,0.004,8.500
-50.743,16.400,5.194,0.004,8.500
-50.650,16.223,5.195,0.004,8.500
-50.557,16.046,5.196,0.004,8.500
-50.464,15.869,5.197,0.004,8.500
-50.371,15.692,5.198,0.004,8.500
-50.278,15.515,5.198,0.004,8.500
-50.184,15.338,5.199,0.004,8.500
-50.091,15.162,5.200,0.004,8.500
-49.997,14.985,5.201,0.004,8.500
-49.903,14.809,5.202,0.004,8.500
-49.809,14.632,5.202,0.004,8.500
-49.715,14.456,5.203,0.004,8.500
-49.621,14.280,5.204,0.004,8.500
-49.526,14.103,5.205,0.003,8.500
-49.432,13.927,5.205,0.003,8.500
-49.337,13.751,5.206,0.003,8.500
-49.242,13.575,5.207,0.003,8.500
-49.147,13.399,5.207,0.003,8.500
-49.052,13.223,5.208,0.003,8.500
-48.957,13.048,5.209,0.003,8.500
-48.862,12.872,5.209,0.003,8.500
-48.767,12.696,5.210,0.003,8.500
-48.671,12.521,5.211,0.003,8.500
-48.576,12.345,5.211,0.003,8.500
-48.480,12.170,5.212,0.003,8.500
-48.384,11.994,5.213,0.004,8.500
-48.288,11.819,5.213,0.004,8.500
-48.192,11.644,5.214,0.004,8.500
-48.096,11.468,5.215,0.004,8.500
-48.000,11.293,5.216,0.004,8.500
-47.903,11.118,5.216,0.004,8.500
-47.807,10.943,5.217,0.004,8.500
-47.710,10.768,5.218,0.004,8.500
-47.613,10.593,5.219,0.004,8.500
-47.516,10.419,5.220,0.004,8.500
-47.419,10.244,5.220,0.004,8.500
-47.322,10.069,5.221,0.004,8.500
-47.224,9.895,5.222,0.004,8.500
-47.127,9.720,5.223,0.004,8.500
-47.029,9.546,5.224,0.004,8.500
-46.931,9.372,5.225,0.005,8.500
-46.833,9.198,5.226,0.005,8.500
-46.735,9.023,5.227,0.005,8.500
-46.636,8.849,5.227,0.005,8.500
-46.538,8.676,5.228,0.005,8.500
-46.439,8.502,5.229,0.005,8.500
-46.340,8.328,5.230,0.005,8.500
-46.241,8.154,5.231,0.005,8.500
-46.142,7.981,5.232,0.005,8.500
-46.042,7.808,5.233,0.005,8.500
-45.943,7.634,5.234,0.005,8.500
-45.843,7.461,5.235,0.005,8.500
-45.743,7.288,5.236,0.005,8.500
-45.643,7.115,5.237,0.005,8.500
-45.543,6.942,5.239,0.005,8.500
-45.442,6.769,5.240,0.005,8.500
-45.342,6.596,5.241,0.005,8.500
-45.241,6.424,5.242,0.005,8.500
-45.140,6.251,5.243,0.006,8.500
-45.039,6.079,5.244,0.006,8.500
-44.937,5.907,5.245,0.006,8.500
-44.836,5.735,5.246,0.006,8.500
-44.734,5.563,5.247,0.006,8.500
-44.632,5.391,5.248,0.006,8.500
-44.530,5.219,5.250,0.006,8.500
-44.427,5.047,5.251,0.006,8.500
-44.325,4.876,5.252,0.006,8.500
-44.222,4.704,5.253,0.006,8.500
-44.119,4.533,5.254,0.006,8.500
-44.016,4.362,5.255,0.006,8.500
-43.912,4.191,5.257,0.006,8.500
-43.809,4.020,5.258,0.006,8.500
-43.705,3.849,5.259,0.006,8.500
-43.601,3.678,5.260,0.006,8.500
-43.497,3.508,5.262,0.006,8.500
-43.392,3.337,5.263,0.006,8.500
-43.288,3.167,5.264,0.006,8.500
-43.183,2.997,5.265,0.006,8.500
-43.078,2.827,5.266,0.006,8.500
-42.972,2.657,5.268,0.006,8.500
-42.867,2.487,5.269,0.006,8.500
-42.761,2.318,5.270,0.006,8.500
-42.655,2.148,5.271,0.006,8.500
-42.549,1.979,5.273,0.006,8.500
-42.443,1.809,5.274,0.006,8.500
-42.336,1.640,5.275,0.006,8.500
-42.230,1.471,5.276,0.006,8.500
-42.123,1.302,5.278,0.006,8.500
-42.015,1.134,5.279,0.006,8.500
-41.908,0.965,5.280,0.006,8.500
-41.800,0.797,5.281,0.006,8.500
-41.693,0.628,5.283,0.006,8.500
-41.585,0.460,5.284,0.006,8.500
-41.476,0.292,5.285,0.006,8.500
-41.368,0.124,5.286,0.006,8.500
-41.259,-0.044,5.288,0.006,8.500
-41.151,-0.211,5.289,0.006,8.500
-41.042,-0.379,5.290,0.006,8.500
-40.932,-0.546,5.291,0.006,8.500
-40.823,-0.714,5.292,0.006,8.500
-40.713,-0.881,5.294,0.006,8.500
-40.603,-1.048,5.295,0.006,8.500
-40.493,-1.215,5.296,0.006,8.500
-40.383,-1.381,5.297,0.006,8.500
-40.273,-1.548,5.298,0.006,8.500
-40.162,-1.714,5.300,0.006,8.500
-40.051,-1.881,5.301,0.006,8.500
-39.940,-2.047,5.302,0.006,8.500
-39.829,-2.213,5.303,0.006,8.500
-39.718,-2.379,5.304,0.006,8.500
-39.606,-2.545,5.305,0.006,8.500
-39.494,-2.710,5.307,0.006,8.500
-39.382,-2.876,5.308,0.006,8.500
-39.270,-3.041,5.309,0.006,8.500
-39.158,-3.207,5.310,0.006,8.500
-39.045,-3.372,5.311,0.006,8.500
-38.932,-3.537,5.312,0.006,8.500
-38.819,-3.702,5.313,0.006,8.500
-38.706,-3.867,5.315,0.006,8.500
-38.593,-4.031,5.316,0.006,8.500
-38.479,-4.196,5.317,0.006,8.500
-38.366,-4.360,5.318,0.007,8.500
-38.252,-4.524,5.320,0.009,8.500
-38.138,-4.688,5.322,0.012,8.500
-38.023,-4.852,5.325,0.022,8.500
-37.907,-5.015,5.331,0.031,8.500
-37.791,-5.178,5.337,0.036,8.500
-37.674,-5.340,5.345,0.042,8.500
-37.555,-5.500,5.354,0.048,8.500
-37.434,-5.660,5.364,0.054,8.500
-37.312,-5.818,5.376,0.061,8.439
-37.188,-5.975,5.389,0.067,8.307
-37.062,-6.130,5.403,0.074,8.181
-36.933,-6.283,5.418,0.080,8.060
-36.802,-6.434,5.435,0.087,7.943
-36.669,-6.583,5.453,0.094,7.832
-36.532,-6.729,5.472,0.101,7.726
-36.393,-6.872,5.493,0.107,7.625
-36.251,-7.013,5.515,0.115,7.529
-36.106,-7.150,5.539,0.122,7.439
-35.957,-7.283,5.564,0.129,7.354
-35.805,-7.413,5.591,0.137,7.275
-35.649,-7.539,5.619,0.146,7.205
-35.490,-7.659,5.649,0.155,7.143
-35.327,-7.775,5.681,0.165,7.092
-35.161,-7.886,5.715,0.175,7.052
-34.990,-7.990,5.751,0.185,7.024
-34.816,-8.089,5.789,0.195,7.009
-34.638,-8.180,5.828,0.200,7.001
-34.457,-8.264,5.869,0.204,6.998
-34.273,-8.341,5.909,0.200,6.995
-34.085,-8.410,5.949,0.194,6.997
-33.895,-8.472,5.987,0.185,7.008
-33.703,-8.527,6.023,0.176,7.031
-33.509,-8.575,6.057,0.168,7.064
-33.314,-8.617,6.090,0.159,7.107
-33.117,-8.652,6.121,0.152,7.159
-32.919,-8.682,6.151,0.145,7.217
-32.721,-8.705,6.179,0.139,7.281
-32.522,-8.723,6.206,0.132,7.350
-32.322,-8.736,6.232,0.126,7.425
-32.123,-8.744,6.256,0.120,7.503
-31.923,-8.747,6.280,0.114,7.585
-31.723,-8.745,0.019,0.109,7.672
-31.523,-8.739,0.040,0.103,7.762
-31.323,-8.729,0.060,0.098,7.855
-31.124,-8.715,0.079,0.093,7.952
-30.925,-8.698,0.097,0.088,8.052
-30.726,-8.677,0.114,0.083,8.155
-30.528,-8.652,0.130,0.078,8.261
-30.330,-8.625,0.145,0.073,8.370
-30.132,-8.595,0.159,0.068,8.482
-29.935,-8.562,0.173,0.064,8.500
-29.738,-8.526,0.185,0.060,8.500
-29.542,-8.488,0.197,0.058,8.500
-29.346,-8.448,0.208,0.056,8.500
-29.151,-8.405,0.219,0.053,8.500
-28.956,-8.361,0.229,0.049,8.500
-28.762,-8.315,0.239,0.042,8.500
-28.568,-8.267,0.246,0.035,8.500
-28.374,-8.217,0.252,0.027,8.500
-28.180,-8.167,0.257,0.020,8.500
-27.987,-8.116,0.261,0.014,8.500
-27.794,-8.064,0.263,0.009,8.500
-27.601,-8.012,0.264,0.005,8.500
-27.408,-7.960,0.265,0.002,8.500
-27.215,-7.907,0.265,0.001,8.500
-27.023,-7.855,0.265,0.000,8.500
-26.830,-7.802,0.265,0.000,8.500
-26.637,-7.750,0.265,0.000,8.500
-26.444,-7.697,0.266,0.000,8.500
-26.251,-7.645,0.266,0.000,8.500
-26.058,-7.593,0.266,0.000,8.500
-25.865,-7.540,0.266,0.000,8.500
-25.672,-7.488,0.266,0.000,8.500
-25.480,-7.435,0.266,0.000,8.500
-25.287,-7.383,0.266,0.000,8.500
-25.094,-7.330,0.266,0.000,8.500
-24.901,-7.278,0.266,0.000,8.500
-24.708,-7.225,0.266,0.000,8.500
-24.515,-7.172,0.266,0.000,8.500
-24.322,-7.120,0.266,0.000,8.500
-24.130,-7.067,0.266,0.000,8.500
-23.937,-7.015,0.266,-0.000,8.500
-23.744,-6.962,0.266,-0.000,8.500
-23.551,-6.910,0.266,-0.000,8.500
-23.358,-6.857,0.266,-0.000,8.500
-23.165,-6.805,0.266,-0.000,8.500
-22.972,-6.752,0.266,-0.000,8.500
-22.779,-6.700,0.266,-0.000,8.500
-22.587,-6.647,0.266,-0.000,8.500
-22.394,-6.595,0.266,-0.000,8.500
-22.201,-6.542,0.266,-0.000,8.500
-22.008,-6.490,0.266,-0.000,8.500
-21.815,-6.437,0.266,-0.000,8.500
-21.622,-6.385,0.266,-0.000,8.500
-21.429,-6.332,0.266,-0.000,8.500
-21.237,-6.280,0.266,-0.000,8.500
-21.044,-6.227,0.265,-0.000,8.500
-20.851,-6.175,0.265,-0.000,8.500
-20.658,-6.123,0.265,-0.000,8.500
-20.465,-6.070,0.265,-0.000,8.500
-20.272,-6.018,0.265,-0.000,8.500
-20.079,-5.965,0.265,-0.000,8.500
-19.886,-5.913,0.265,-0.000,8.500
-19.693,-5.861,0.265,-0.000,8.500
-19.501,-5.808,0.265,-0.000,8.500
-19.308,-5.756,0.265,-0.000,8.500
-19.115,-5.704,0.265,-0.000,8.500
-18.922,-5.651,0.265,-0.000,8.500
-18.729,-5.599,0.265,-0.000,8.500
-18.536,-5.547,0.265,-0.000,8.500
-18.343,-5.494,0.265,-0.000,8.500
-18.150,-5.442,0.265,-0.000,8.500
-17.957,-5.390,0.264,-0.000,8.500
-17.764,-5.338,0.264,-0.000,8.500
-17.571,-5.285,0.264,-0.000,8.500
-17.378,-5.233,0.264,-0.000,8.500
-17.185,-5.181,0.264,-0.000,8.500
-16.992,-5.129,0.264,-0.000,8.500
-16.800,-5.077,0.264,-0.000,8.500
-16.607,-5.024,0.264,-0.000,8.500
-16.414,-4.972,0.264,-0.000,8.500
-16.221,-4.920,0.264,-0.000,8.500
-16.028,-4.868,0.264,-0.000,8.500
-15.835,-4.816,0.264,-0.000,8.500
-15.642,-4.764,0.264,-0.000,8.500
-15.449,-4.711,0.264,-0.000,8.500
-15.256,-4.659,0.264,-0.000,8.500
-15.063,-4.607,0.264,-0.000,8.500
-14.870,-4.555,0.264,-0.000,8.500
-14.677,-4.503,0.264,-0.000,8.500
-14.484,-4.451,0.264,-0.000,8.500
-14.291,-4.399,0.264,-0.000,8.500
-14.098,-4.347,0.264,-0.000,8.500
-13.905,-4.295,0.264,-0.000,8.500
-13.712,-4.242,0.264,-0.000,8.500
-13.519,-4.190,0.264,-0.000,8.500
-13.326,-4.138,0.264,-0.000,8.500
-13.133,-4.086,0.264,-0.000,8.500
-12.940,-4.034,0.263,-0.000,8.500
-12.747,-3.982,0.263,-0.000,8.500
-12.554,-3.930,0.263,-0.000,8.500
-12.361,-3.878,0.263,-0.000,8.500
-12.168,-3.826,0.263,-0.000,8.500
-11.975,-3.774,0.263,-0.000,8.500
-11.782,-3.722,0.263,-0.000,8.500
-11.589,-3.670,0.263,-0.000,8.500
-11.396,-3.618,0.263,-0.000,8.500
-11.203,-3.566,0.263,-0.000,8.500
-11.010,-3.514,0.263,-0.000,8.500
-10.817,-3.462,0.263,-0.000,8.500
-10.624,-3.410,0.263,-0.000,8.500
-10.431,-3.358,0.263,-0.000,8.500
-10.238,-3.306,0.263,-0.000,8.500
-10.045,-3.254,0.263,-0.000,8.500
-9.852,-3.202,0.263,-0.000,8.500
-9.659,-3.150,0.263,-0.000,8.500
-9.466,-3.098,0.263,-0.000,8.500
-9.273,-3.046,0.263,-0.000,8.500
-9.080,-2.994,0.263,-0.000,8.500
-8.887,-2.942,0.263,-0.000,8.500
-8.694,-2.891,0.263,-0.000,8.500
-8.501,-2.839,0.263,-0.000,8.500
-8.308,-2.787,0.263,-0.000,8.500
-8.115,-2.735,0.263,-0.000,8.500
-7.922,-2.683,0.263,-0.000,8.500
-7.729,-2.631,0.263,-0.000,8.500
-7.536,-2.579,0.263,-0.000,8.500
-7.343,-2.527,0.263,-0.000,8.500
-7.150,-2.475,0.263,-0.000,8.500
-6.957,-2.423,0.263,-0.000,8.500
-6.764,-2.371,0.263,-0.000,8.500
-6.571,-2.319,0.263,-0.000,8.500
-6.378,-2.268,0.263,-0.000,8.500
-6.185,-2.216,0.263,-0.000,8.500
-5.992,-2.164,0.263,-0.000,8.500
-5.799,-2.112,0.263,-0.000,8.500
-5.606,-2.060,0.263,-0.000,8.500
-5.413,-2.008,0.263,-0.000,8.500
-5.220,-1.956,0.263,-0.000,8.500
-5.027,-1.904,0.263,-0.000,8.500
-4.834,-1.853,0.263,-0.000,8.500
-4.641,-1.801,0.263,-0.000,8.500
-4.448,-1.749,0.262,-0.000,8.500
-4.254,-1.697,0.262,-0.000,8.500
-4.061,-1.645,0.262,-0.000,8.500
-3.868,-1.593,0.262,-0.000,8.500
-3.675,-1.541,0.262,-0.000,8.500
-3.482,-1.489,0.262,-0.000,8.500
-3.289,-1.438,0.262,-0.000,8.500
-3.096,-1.386,0.262,-0.000,8.500
-2.903,-1.334,0.262,-0.000,8.500
-2.710,-1.282,0.262,-0.000,8.500
-2.517,-1.230,0.262,-0.000,8.500
-2.324,-1.178,0.262,-0.000,8.500
-2.131,-1.127,0.262,-0.000,8.500
-1.938,-1.075,0.262,-0.000,8.500
-1.745,-1.023,0.262,-0.000,8.500
-1.552,-0.971,0.262,-0.000,8.500
-1.359,-0.919,0.262,-0.000,8.500
-1.166,-0.867,0.262,-0.000,8.500
-0.973,-0.816,0.262,-0.000,8.500
-0.780,-0.764,0.262,-0.000,8.500
-0.587,-0.712,0.262,-0.000,8.500
-0.394,-0.660,0.262,-0.000,8.500
-0.201,-0.608,0.262,-0.000,8.500
-0.007,-0.557,0.262,-0.000,8.500
0.186,-0.505,0.262,-0.000,8.500
0.379,-0.453,0.262,-0.000,8.500
0.572,-0.401,0.262,-0.000,8.500
0.765,-0.350,0.262,-0.000,8.500
0.958,-0.298,0.262,-0.000,8.500
1.151,-0.246,0.262,-0.000,8.500
1.344,-0.194,0.262,-0.000,8.500
1.537,-0.143,0.262,-0.000,8.500
1.730,-0.091,0.262,-0.000,8.500
1.923,-0.039,0.262,-0.000,8.500
2.116,0.013,0.262,-0.000,8.500
2.309,0.064,0.262,-0.000,8.500
2.502,0.116,0.262,-0.000,8.500
2.695,0.168,0.262,-0.000,8.500
2.889,0.219,0.262,-0.000,8.500
3.082,0.271,0.261,-0.000,8.500
3.275,0.323,0.261,-0.000,8.500
3.468,0.374,0.261,-0.000,8.500
3.661,0.426,0.261,-0.000,8.500
3.854,0.478,0.261,-0.000,8.500
4.047,0.529,0.261,-0.000,8.500
4.240,0.581,0.261,-0.000,8.500
4.433,0.632,0.261,-0.000,8.500
4.626,0.684,0.261,-0.000,8.500
4.820,0.736,0.261,-0.000,8.500
5.013,0.787,0.261,-0.000,8.500
5.206,0.839,0.261,-0.000,8.500
5.399,0.890,0.261,-0.000,8.500
5.592,0.942,0.261,-0.000,8.500
5.785,0.993,0.261,-0.000,8.500
5.978,1.045,0.260,-0.000,8.500
6.171,1.096,0.260,-0.000,8.500
6.365,1.148,0.260,-0.000,8.500
6.558,1.199,0.260,-0.000,8.500
6.751,1.251,0.260,-0.000,8.500
6.944,1.302,0.260,-0.000,8.500
7.137,1.353,0.260,-0.000,8.500
7.330,1.405,0.260,-0.000,8.500
7.524,1.456,0.260,-0.001,8.500
7.717,1.507,0.260,-0.001,8.500
7.910,1.559,0.260,-0.001,8.500
8.103,1.610,0.259,-0.001,8.500
8.296,1.661,0.259,-0.001,8.500
8.490,1.713,0.259,-0.001,8.500
8.683,1.764,0.259,-0.001,8.500
8.876,1.815,0.259,-0.001,8.500
9.069,1.866,0.259,-0.001,8.500
9.262,1.917,0.259,-0.001,8.500
9.456,1.968,0.259,-0.001,8.500
9.649,2.020,0.258,-0.001,8.500
9.842,2.071,0.258,-0.001,8.500
10.035,2.122,0.258,-0.001,8.500
10.229,2.173,0.258,-0.001,8.500
10.422,2.224,0.258,-0.001,8.500
10.615,2.275,0.258,-0.001,8.500
10.808,2.326,0.258,-0.001,8.500
11.002,2.377,0.258,-0.001,8.500
11.195,2.427,0.257,-0.000,8.500
11.388,2.478,0.257,-0.000,8.500
11.582,2.529,0.257,0.000,8.500
11.775,2.580,0.257,0.001,8.500
11.968,2.631,0.258,0.002,8.500
12.161,2.682,0.258,0.002,8.500
12.355,2.733,0.259,0.004,8.500
12.548,2.784,0.260,0.005,8.500
12.741,2.836,0.261,0.007,8.500
12.934,2.887,0.262,0.008,8.500
13.127,2.939,0.264,0.010,8.500
13.320,2.992,0.266,0.012,8.500
13.513,3.045,0.269,0.014,8.500
13.705,3.098,0.272,0.016,8.500
13.898,3.152,0.275,0.017,8.500
14.090,3.207,0.279,0.019,8.500
14.282,3.262,0.283,0.021,8.500
14.474,3.318,0.287,0.023,8.500
14.666,3.375,0.292,0.025,8.500
14.857,3.433,0.297,0.027,8.500
15.048,3.492,0.303,0.028,8.500
15.238,3.553,0.309,0.030,8.500
15.429,3.614,0.315,0.032,8.500
15.619,3.676,0.321,0.034,8.500
15.808,3.740,0.328,0.036,8.500
15.997,3.805,0.336,0.038,8.500
16.185,3.872,0.343,0.040,8.500
16.373,3.940,0.352,0.042,8.500
16.561,4.010,0.360,0.043,8.500
16.747,4.081,0.369,0.045,8.500
16.934,4.154,0.378,0.047,8.500
17.119,4.228,0.388,0.049,8.500
17.304,4.305,0.398,0.051,8.500
17.487,4.383,0.408,0.053,8.500
17.671,4.464,0.419,0.055,8.500
17.853,4.546,0.430,0.057,8.500
18.034,4.630,0.442,0.059,8.500
18.214,4.717,0.454,0.061,8.500
18.393,4.806,0.466,0.064,8.500
18.571,4.897,0.480,0.067,8.500
18.748,4.990,0.493,0.070,8.500
18.923,5.086,0.508,0.074,8.500
19.097,5.185,0.523,0.077,8.500
19.269,5.286,0.538,0.080,8.500
19.440,5.390,0.554,0.082,8.500
19.609,5.496,0.571,0.084,8.500
19.777,5.606,0.588,0.087,8.500
19.942,5.718,0.606,0.089,8.500
20.105,5.833,0.624,0.091,8.500
20.266,5.952,0.642,0.094,8.500
20.425,6.073,0.661,0.096,8.500
20.582,6.197,0.681,0.098,8.500
20.736,6.324,0.701,0.101,8.500
20.887,6.455,0.721,0.103,8.500
21.036,6.588,0.742,0.106,8.500
21.182,6.725,0.763,0.108,8.487
21.325,6.865,0.785,0.111,8.434
21.465,7.008,0.808,0.114,8.382
21.601,7.154,0.831,0.116,8.333
21.734,7.303,0.854,0.119,8.285
21.864,7.455,0.878,0.122,8.240
21.990,7.610,0.903,0.125,8.198
22.111,7.769,0.928,0.128,8.158
22.229,7.930,0.954,0.131,8.120
22.342,8.095,0.981,0.134,8.086
22.451,8.263,1.008,0.137,8.056
22.556,8.433,1.035,0.141,8.029
22.655,8.606,1.064,0.144,8.006
22.750,8.782,1.093,0.148,7.988
22.839,8.961,1.123,0.151,7.975
22.923,9.143,1.153,0.155,7.966
23.001,9.327,1.185,0.157,7.961
23.073,9.513,1.216,0.158,7.957
23.140,9.701,1.247,0.154,7.954
23.200,9.892,1.278,0.151,7.956
23.255,10.084,1.308,0.148,7.964
23.304,10.278,1.337,0.145,7.976
23.348,10.473,1.366,0.143,7.991
23.386,10.669,1.394,0.141,8.010
23.418,10.866,1.422,0.138,8.030
23.445,11.064,1.449,0.134,8.055
23.467,11.263,1.476,0.130,8.083
23.483,11.462,1.501,0.126,8.116
23.495,11.662,1.526,0.122,8.154
23.501,11.862,1.550,0.118,8.196
23.503,12.062,1.573,0.114,8.242
23.500,12.261,1.596,0.109,8.293
23.493,12.461,1.617,0.105,8.349
23.482,12.661,1.638,0.100,8.409
23.467,12.860,1.657,0.096,8.474
23.447,13.059,1.676,0.092,8.500
23.425,13.258,1.694,0.088,8.500
23.398,13.456,1.711,0.083,8.500
23.369,13.653,1.727,0.079,8.500
23.336,13.851,1.743,0.074,8.500
23.301,14.047,1.757,0.070,8.500
23.262,14.243,1.770,0.065,8.500
23.221,14.439,1.783,0.061,8.500
23.178,14.634,1.795,0.057,8.500
23.133,14.829,1.806,0.052,8.500
23.085,15.023,1.816,0.048,8.500
23.036,15.217,1.825,0.044,8.500
22.985,15.410,1.833,0.040,8.500
22.932,15.603,1.841,0.036,8.500
22.878,15.795,1.848,0.032,8.500
22.823,15.987,1.854,0.028,8.500
22.767,16.179,1.859,0.024,8.500
22.709,16.371,1.863,0.022,8.500
22.651,16.562,1.868,0.021,8.500
22.592,16.753,1.872,0.022,8.500
22.533,16.944,1.876,0.023,8.500
22.472,17.134,1.881,0.025,8.500
22.410,17.324,1.886,0.026,8.500
22.348,17.514,1.892,0.028,8.500
22.284,17.704,1.898,0.030,8.500
22.220,17.893,1.904,0.032,8.500
22.154,18.081,1.911,0.035,8.500
22.086,18.270,1.918,0.037,8.500
22.018,18.457,1.925,0.040,8.500
21.947,18.644,1.934,0.042,8.500
21.876,18.831,1.942,0.045,8.500
21.802,19.017,1.952,0.048,8.500
21.727,19.202,1.962,0.051,8.500
21.650,19.387,1.972,0.054,8.500
21.571,19.570,1.984,0.058,8.500
21.489,19.753,1.995,0.061,8.500
21.406,19.934,2.008,0.064,8.500
21.320,20.115,2.021,0.067,8.500
21.232,20.294,2.035,0.070,8.500
21.141,20.472,2.049,0.073,8.500
21.048,20.649,2.064,0.076,8.500
20.952,20.824,2.080,0.079,8.500
20.853,20.998,2.096,0.082,8.500
20.751,21.170,2.112,0.085,8.500
20.647,21.341,2.130,0.087,8.500
20.539,21.509,2.147,0.090,8.500
20.429,21.676,2.166,0.092,8.500
20.315,21.840,2.184,0.095,8.500
20.199,22.003,2.203,0.097,8.500
20.079,22.163,2.223,0.099,8.500
19.956,22.320,2.243,0.101,8.500
19.830,22.475,2.263,0.103,8.500
19.701,22.628,2.284,0.104,8.500
19.568,22.778,2.305,0.106,8.500
19.433,22.925,2.326,0.107,8.500
19.294,23.069,2.348,0.109,8.500
19.153,23.210,2.370,0.110,8.500
19.008,23.347,2.392,0.111,8.500
18.860,23.482,2.414,0.113,8.500
18.709,23.613,2.437,0.114,8.500
18.555,23.741,2.460,0.115,8.500
18.399,23.865,2.483,0.116,8.500
18.239,23.985,2.506,0.117,8.500
18.077,24.102,2.529,0.116,8.500
17.912,24.215,2.553,0.115,8.500
17.745,24.324,2.575,0.113,8.500
17.575,24.430,2.598,0.112,8.500
17.403,24.531,2.620,0.110,8.500
17.228,24.629,2.642,0.108,8.500
17.052,24.723,2.663,0.106,8.500
16.874,24.813,2.684,0.104,8.500
16.693,24.899,2.705,0.102,8.500
16.511,24.982,2.725,0.100,8.500
16.328,25.061,2.745,0.098,8.500
16.143,25.137,2.764,0.096,8.500
15.956,25.209,2.783,0.093,8.500
15.769,25.277,2.801,0.091,8.500
15.580,25.342,2.819,0.089,8.500
15.389,25.404,2.837,0.087,8.500
15.198,25.462,2.854,0.084,8.500
15.006,25.517,2.870,0.082,8.500
14.813,25.569,2.887,0.079,8.500
14.619,25.618,2.902,0.077,8.500
14.425,25.664,2.917,0.074,8.500
14.230,25.707,2.932,0.072,8.500
14.034,25.747,2.946,0.069,8.500
13.837,25.785,2.960,0.067,8.500
13.641,25.819,2.973,0.065,8.500
13.443,25.852,2.986,0.062,8.500
13.246,25.882,2.998,0.060,8.500
13.048,25.909,3.010,0.058,8.500
12.849,25.934,3.021,0.055,8.500
12.651,25.957,3.032,0.053,8.500
12.452,25.978,3.042,0.051,8.500
12.253,25.997,3.052,0.049,8.500
12.054,26.014,3.062,0.047,8.500
11.855,26.029,3.071,0.045,8.500
11.655,26.042,3.079,0.043,8.500
11.456,26.054,3.088,0.041,8.500
11.256,26.064,3.096,0.039,8.500
11.056,26.072,3.103,0.037,8.500
10.856,26.079,3.110,0.035,8.500
10.657,26.085,3.117,0.033,8.500
10.457,26.089,3.124,0.031,8.500
10.257,26.092,3.130,0.029,8.500
10.057,26.094,3.135,0.028,8.500
9.857,26.094,3.141,0.026,8.500
9.657,26.094,3.146,0.024,8.500
9.457,26.093,3.150,0.022,8.500
9.258,26.091,3.154,0.019,8.500
9.058,26.088,3.158,0.016,8.500
8.858,26.084,3.161,0.013,8.500
8.658,26.080,3.163,0.010,8.500
8.458,26.076,3.165,0.007,8.500
8.258,26.071,3.166,0.004,8.500
8.059,26.066,3.167,0.003,8.500
7.859,26.061,3.167,0.002,8.500
7.659,26.056,3.167,0.001,8.500
7.459,26.051,3.168,0.001,8.500
7.259,26.045,3.168,0.001,8.500
7.059,26.040,3.168,0.001,8.500
6.860,26.035,3.168,0.001,8.500
6.660,26.029,3.168,0.001,8.500
6.460,26.024,3.169,0.001,8.500
6.260,26.019,3.169,0.001,8.500
6.060,26.013,3.169,0.001,8.500
5.861,26.008,3.169,0.001,8.500
5.661,26.002,3.169,0.000,8.500
5.461,25.997,3.169,0.000,8.500
5.261,25.991,3.169,0.000,8.500
5.061,25.986,3.169,0.000,8.500
4.862,25.980,3.169,0.000,8.500
4.662,25.975,3.169,0.000,8.500
4.462,25.969,3.169,0.000,8.500
4.262,25.964,3.169,-0.000,8.500
4.062,25.958,3.169,-0.000,8.500
3.863,25.953,3.169,-0.000,8.500
3.663,25.947,3.169,-0.000,8.500
3.463,25.942,3.169,-0.000,8.500
3.263,25.936,3.169,-0.000,8.500
3.063,25.931,3.169,-0.000,8.500
2.864,25.925,3.169,-0.001,8.500
2.664,25.920,3.169,-0.001,8.500
2.464,25.914,3.169,-0.001,8.500
2.264,25.909,3.168,-0.001,8.500
2.064,25.903,3.168,-0.001,8.500
1.864,25.898,3.168,-0.001,8.500
1.665,25.893,3.168,-0.001,8.500
1.465,25.888,3.168,-0.001,8.500
1.265,25.882,3.168,-0.001,8.500
1.065,25.877,3.167,-0.001,8.500
0.865,25.872,3.167,-0.001,8.500
0.666,25.867,3.167,-0.001,8.500
0.466,25.862,3.166,-0.001,8.500
0.266,25.857,3.166,-0.002,8.500
0.066,25.852,3.166,-0.002,8.500
-0.134,25.847,3.166,-0.002,8.500
-0.334,25.843,3.165,-0.002,8.500
-0.533,25.838,3.165,-0.002,8.500
-0.733,25.833,3.164,-0.002,8.500
-0.933,25.829,3.164,-0.002,8.500
-1.133,25.824,3.164,-0.002,8.500
-1.333,25.820,3.163,-0.002,8.500
-1.532,25.816,3.163,-0.002,8.500
-1.732,25.812,3.162,-0.002,8.500
-1.932,25.808,3.162,-0.002,8.500
-2.132,25.804,3.161,-0.002,8.500
-2.332,25.800,3.161,-0.003,8.500
-2.532,25.796,3.160,-0.003,8.500
-2.732,25.792,3.160,-0.003,8.500
-2.931,25.789,3.159,-0.003,8.500
-3.131,25.785,3.159,-0.003,8.500
-3.331,25.782,3.158,-0.003,8.500
-3.531,25.779,3.157,-0.003,8.500
-3.731,25.775,3.157,-0.003,8.500
-3.931,25.773,3.156,-0.003,8.500
-4.131,25.770,3.156,-0.003,8.500
-4.330,25.767,3.155,-0.003,8.500
-4.530,25.764,3.154,-0.003,8.500
-4.730,25.762,3.154,-0.004,8.500
-4.930,25.760,3.153,-0.004,8.500
-5.130,25.757,3.152,-0.004,8.500
-5.330,25.755,3.151,-0.004,8.500
-5.530,25.754,3.151,-0.004,8.500
-5.730,25.752,3.150,-0.004,8.500
-5.929,25.750,3.149,-0.004,8.500
-6.129,25.749,3.148,-0.004,8.500
-6.329,25.748,3.147,-0.004,8.500
-6.529,25.747,3.146,-0.004,8.500
-6.729,25.746,3.146,-0.004,8.500
-6.929,25.745,3.145,-0.004,8.500
-7.129,25.744,3.144,-0.004,8.500
-7.329,25.744,3.143,-0.003,8.500
-7.528,25.744,3.143,-0.003,8.500
-7.728,25.744,3.142,-0.003,8.500
-7.928,25.744,3.142,-0.002,8.500
-8.128,25.744,3.141,-0.002,8.500
-8.328,25.744,3.141,-0.001,8.500
-8.528,25.744,3.141,-0.001,8.500
-8.728,25.744,3.141,-0.000,8.500
-8.928,25.744,3.141,0.000,8.500
-9.127,25.744,3.141,0.001,8.500
-9.327,25.744,3.141,0.001,8.500
-9.527,25.745,3.141,0.002,8.500
-9.727,25.744,3.142,0.002,8.500
-9.927,25.744,3.142,0.003,8.500
-10.127,25.744,3.143,0.004,8.500
-10.327,25.744,3.144,0.005,8.500
-10.527,25.743,3.145,0.006,8.500
-10.727,25.742,3.146,0.007,8.500
-10.926,25.741,3.148,0.008,8.500
-11.126,25.740,3.149,0.009,8.500
-11.326,25.738,3.151,0.010,8.500
-11.526,25.736,3.153,0.011,8.500
-11.726,25.733,3.156,0.012,8.500
-11.926,25.730,3.158,0.012,8.500
-12.126,25.727,3.160,0.012,8.500
-12.325,25.723,3.163,0.013,8.500
-12.525,25.718,3.165,0.013,8.500
-12.725,25.713,3.168,0.014,8.500
-12.925,25.708,3.171,0.014,8.500
-13.125,25.702,3.174,0.014,8.500
-13.324,25.695,3.177,0.015,8.500
-13.524,25.688,3.180,0.015,8.500
-13.724,25.680,3.183,0.016,8.500
-13.924,25.671,3.186,0.016,8.500
-14.123,25.662,3.189,0.017,8.500
-14.323,25.652,3.193,0.017,8.500
-14.523,25.642,3.196,0.018,8.500
-14.722,25.630,3.200,0.018,8.500
-14.922,25.618,3.204,0.019,8.500
-15.121,25.605,3.208,0.020,8.500
-15.321,25.592,3.212,0.020,8.500
-15.520,25.577,3.216,0.021,8.500
-15.719,25.562,3.220,0.021,8.500
-15.918,25.546,3.224,0.022,8.500
-16.118,25.529,3.229,0.023,8.500
-16.317,25.511,3.233,0.023,8.500
-16.516,25.493,3.238,0.024,8.500
-16.715,25.473,3.243,0.025,8.500
-16.913,25.452,3.248,0.025,8.500
-17.112,25.431,3.253,0.026,8.500
-17.311,25.408,3.258,0.026,8.500
-17.509,25.384,3.263,0.027,8.500
-17.707,25.359,3.269,0.028,8.500
-17.906,25.333,3.275,0.028,8.500
-18.104,25.306,3.280,0.029,8.500
-18.302,25.278,3.286,0.030,8.500
-18.499,25.249,3.292,0.031,8.500
-18.697,25.218,3.298,0.031,8.500
-18.894,25.186,3.305,0.032,8.500
-19.091,25.153,3.311,0.033,8.500
-19.288,25.119,3.318,0.033,8.500
-19.485,25.083,3.324,0.034,8.500
-19.681,25.046,3.331,0.035,8.500
-19.877,25.008,3.338,0.035,8.500
-20.073,24.968,3.345,0.036,8.500
-20.269,24.927,3.353,0.037,8.500
-20.464,24.884,3.360,0.038,8.500
-20.659,24.840,3.368,0.038,8.500
-20.854,24.795,3.376,0.039,8.500
-21.048,24.747,3.384,0.040,8.500
-21.242,24.699,3.392,0.041,8.500
-21.435,24.649,3.400,0.041,8.500
-21.628,24.597,3.408,0.042,8.500
-21.821,24.543,3.417,0.043,8.500
-22.013,24.488,3.425,0.044,8.500
-22.205,24.431,3.434,0.045,8.500
-22.396,24.373,3.443,0.045,8.500
-22.587,24.313,3.452,0.046,8.500
-22.777,24.251,3.462,0.047,8.500
-22.966,24.187,3.471,0.048,8.500
-23.155,24.121,3.481,0.049,8.500
-23.343,24.054,3.491,0.050,8.500
-23.530,23.985,3.501,0.050,8.500
-23.717,23.913,3.511,0.051,8.500
-23.903,23.840,3.521,0.052,8.500
-24.089,23.765,3.532,0.053,8.500
-24.273,23.688,3.542,0.054,8.500
-24.457,23.609,3.553,0.055,8.500
-24.639,23.528,3.564,0.056,8.500
-24.821,23.445,3.576,0.057,8.500
-25.002,23.360,3.587,0.058,8.500
-25.182,23.273,3.599,0.059,8.500
-25.361,23.184,3.611,0.060,8.500
-25.539,23.092,3.623,0.060,8.500
-25.715,22.999,3.635,0.061,8.500
-25.891,22.903,3.647,0.062,8.500
-26.065,22.805,3.660,0.063,8.500
-26.238,22.705,3.672,0.063,8.500
-26.410,22.603,3.685,0.063,8.500
-26.580,22.499,3.697,0.062,8.500
-26.749,22.392,3.709,0.061,8.500
-26.917,22.284,3.721,0.060,8.500
-27.084,22.173,3.733,0.059,8.500
-27.249,22.061,3.745,0.059,8.500
-27.413,21.946,3.757,0.058,8.500
-27.575,21.830,3.768,0.055,8.500
-27.737,21.712,3.779,0.052,8.500
-27.897,21.592,3.789,0.049,8.500
-28.056,21.471,3.798,0.045,8.500
-28.213,21.348,3.807,0.041,8.500
-28.370,21.224,3.815,0.037,8.500
-28.526,21.099,3.822,0.034,8.500
-28.681,20.973,3.828,0.030,8.500
-28.835,20.846,3.834,0.026,8.500
-28.989,20.718,3.838,0.022,8.500
-29.142,20.589,3.842,0.017,8.500
-29.294,20.460,3.845,0.013,8.500
-29.447,20.330,3.848,0.010,8.500
-29.599,20.201,3.849,0.006,8.500
-29.750,20.071,3.850,0.002,8.500
-29.902,19.941,3.850,-0.002,8.500
-30.054,19.811,3.849,-0.006,8.500
-30.206,19.681,3.847,-0.010,8.500
-30.358,19.551,3.845,-0.014,8.500
-30.511,19.422,3.842,-0.018,8.500
-30.664,19.294,3.838,-0.022,8.500
-30.818,19.166,3.833,-0.026,8.500
-30.972,19.039,3.827,-0.030,8.500
-31.127,18.913,3.821,-0.034,8.500
-31.283,18.788,3.813,-0.038,8.500
-31.440,18.664,3.805,-0.043,8.500
-31.598,18.542,3.796,-0.047,8.500
-31.757,18.421,3.787,-0.051,8.500
-31.918,18.301,3.776,-0.055,8.500
-32.079,18.184,3.765,-0.059,8.500
-32.242,18.068,3.753,-0.063,8.500
-32.407,17.955,3.740,-0.067,8.500
-32.573,17.843,3.726,-0.071,8.500
-32.740,17.734,3.711,-0.076,8.500
-32.909,17.628,3.696,-0.080,8.500
-33.080,17.524,3.679,-0.084,8.500
-33.253,17.423,3.662,-0.088,8.446
-33.427,17.325,3.644,-0.093,8.358
-33.603,17.231,3.625,-0.097,8.274
-33.781,17.139,3.605,-0.101,8.192
-33.961,17.052,3.584,-0.105,8.113
-34.142,16.968,3.563,-0.109,8.036
-34.326,16.888,3.541,-0.113,7.961
-34.511,16.813,3.518,-0.117,7.889
-34.697,16.742,3.494,-0.122,7.820
-34.886,16.675,3.469,-0.126,7.755
-35.076,16.613,3.444,-0.132,7.695
-35.268,16.556,3.417,-0.137,7.639
-35.461,16.505,3.389,-0.142,7.587
-35.655,16.458,3.360,-0.147,7.539
-35.851,16.418,3.330,-0.152,7.496
-36.048,16.383,3.300,-0.157,7.458
-36.246,16.355,3.268,-0.162,7.426
-36.444,16.333,3.235,-0.167,7.400
-36.644,16.318,3.201,-0.173,7.381
-36.843,16.310,3.166,-0.179,7.370
-37.043,16.308,3.129,-0.184,7.367
-37.243,16.315,3.093,-0.182,7.363
-37.442,16.328,3.057,-0.176,7.364
-37.641,16.348,3.022,-0.169,7.374
-37.839,16.375,2.990,-0.161,7.393
-38.036,16.409,2.958,-0.157,7.422
-38.232,16.448,2.927,-0.153,7.455
-38.426,16.494,2.897,-0.150,7.492
-38.620,16.545,2.867,-0.147,7.531
-38.811,16.602,2.838,-0.144,7.572
-39.001,16.665,2.809,-0.142,7.613
-39.189,16.733,2.781,-0.139,7.657
-39.375,16.806,2.754,-0.137,7.701
-39.559,16.884,2.726,-0.134,7.747
-39.741,16.967,2.700,-0.132,7.793
-39.921,17.055,2.674,-0.129,7.841
-40.098,17.147,2.648,-0.126,7.890
-40.273,17.244,2.623,-0.123,7.941
-40.445,17.345,2.599,-0.121,7.993
-40.615,17.450,2.575,-0.118,8.046
-40.782,17.560,2.552,-0.115,8.101
-40.947,17.673,2.529,-0.112,8.157
-41.110,17.789,2.507,-0.109,8.216
-41.269,17.910,2.485,-0.106,8.275
-41.426,18.033,2.464,-0.103,8.337
-41.581,18.160,2.444,-0.100,8.400
-41.733,18.290,2.424,-0.097,8.466
-41.882,18.423,2.405,-0.094,8.500
-42.029,18.558,2.387,-0.091,8.500
-42.173,18.697,2.369,-0.088,8.500
-42.315,18.837,2.352,-0.085,8.500
-42.455,18.981,2.335,-0.082,8.500
-42.592,19.126,2.319,-0.079,8.500
-42.726,19.274,2.304,-0.075,8.500
-42.859,19.423,2.289,-0.073,8.500
-42.989,19.575,2.275,-0.070,8.500
-43.118,19.728,2.261,-0.067,8.500
-43.244,19.883,2.248,-0.064,8.500
-43.368,20.039,2.235,-0.061,8.500
-43.491,20.198,2.223,-0.058,8.500
-43.611,20.357,2.212,-0.055,8.500
-43.730,20.518,2.201,-0.053,8.500
-43.847,20.680,2.191,-0.050,8.500
-43.962,20.843,2.181,-0.047,8.500
-44.076,21.007,2.172,-0.044,8.500
-44.188,21.173,2.164,-0.042,8.500
-44.299,21.339,2.156,-0.039,8.500
-44.409,21.506,2.148,-0.037,8.500
-44.518,21.674,2.141,-0.034,8.500
-44.625,21.843,2.134,-0.031,8.500
-44.731,22.012,2.128,-0.029,8.500
-44.836,22.182,2.123,-0.026,8.500
-44.941,22.352,2.118,-0.024,8.500
-45.044,22.523,2.113,-0.021,8.500
-45.147,22.695,2.109,-0.019,8.500
-45.250,22.866,2.106,-0.017,8.500
-45.351,23.038,2.103,-0.015,8.500
-45.452,23.211,2.100,-0.014,8.500
-45.553,23.384,2.097,-0.014,8.500
-45.653,23.557,2.094,-0.015,8.500
-45.753,23.730,2.091,-0.016,8.500
-45.852,23.903,2.088,-0.018,8.500
-45.950,24.077,2.084,-0.020,8.500
-46.048,24.252,2.080,-0.022,8.500
-46.145,24.427,2.075,-0.025,8.500
-46.241,24.602,2.070,-0.027,8.500
-46.336,24.778,2.064,-0.029,8.500
-46.430,24.954,2.058,-0.032,8.500
-46.523,25.131,2.052,-0.034,8.500
-46.615,25.308,2.045,-0.036,8.500
-46.706,25.487,2.037,-0.039,8.500
-46.795,25.665,2.029,-0.041,8.500
-46.882,25.845,2.021,-0.044,8.500
-46.969,26.025,2.012,-0.046,8.500
-47.053,26.207,2.002,-0.049,8.500
-47.136,26.389,1.992,-0.052,8.500
-47.216,26.571,1.981,-0.054,8.500
-47.295,26.755,1.970,-0.057,8.500
-47.372,26.940,1.959,-0.060,8.500
-47.446,27.125,1.946,-0.062,8.500
-47.518,27.312,1.934,-0.065,8.500
-47.588,27.499,1.920,-0.068,8.500
-47.655,27.687,1.907,-0.071,8.500
-47.720,27.876,1.892,-0.073,8.500
-47.782,28.067,1.877,-0.076,8.500
-47.840,28.258,1.862,-0.079,8.500
-47.896,28.449,1.846,-0.082,8.500
-47.949,28.642,1.829,-0.084,8.500
-47.998,28.836,1.812,-0.087,8.500
-48.044,29.030,1.794,-0.090,8.500
-48.087,29.226,1.776,-0.092,8.500
-48.126,29.422,1.757,-0.095,8.500
-48.161,29.619,1.738,-0.098,8.500
-48.193,29.816,1.718,-0.100,8.482
-48.220,30.014,1.698,-0.103,8.414
-48.243,30.212,1.677,-0.105,8.346
-48.262,30.411,1.656,-0.108,8.280
-48.277,30.611,1.634,-0.111,8.215
-48.288,30.810,1.612,-0.113,8.151
-48.294,31.010,1.589,-0.116,8.088
-48.295,31.210,1.566,-0.119,8.026
-48.292,31.410,1.542,-0.121,7.965
-48.283,31.610,1.517,-0.124,7.905
-48.270,31.809,1.492,-0.127,7.846
-48.252,32.008,1.466,-0.130,7.789
-48.228,32.207,1.440,-0.133,7.732
-48.200,32.404,1.413,-0.136,7.678
-48.165,32.601,1.386,-0.139,7.624
-48.126,32.797,1.357,-0.142,7.573
-48.081,32.992,1.329,-0.146,7.523
-48.030,33.185,1.299,-0.149,7.476
-47.973,33.377,1.269,-0.153,7.430
-47.911,33.567,1.238,-0.157,7.388
-47.843,33.755,1.206,-0.160,7.348
-47.769,33.940,1.174,-0.164,7.311
-47.688,34.123,1.141,-0.168,7.277
-47.602,34.304,1.107,-0.172,7.247
-47.509,34.481,1.072,-0.175,7.220
-47.411,34.655,1.037,-0.179,7.197
-47.306,34.825,1.000,-0.186,7.182
-47.195,34.991,0.963,-0.193,7.177
-47.078,35.153,0.924,-0.194,7.174
-46.954,35.310,0.885,-0.193,7.171
-46.824,35.462,0.847,-0.188,7.170
-46.689,35.609,0.810,-0.182,7.176
-46.549,35.751,0.774,-0.176,7.191
-46.403,35.889,0.739,-0.171,7.212
-46.254,36.021,0.706,-0.165,7.240
-46.099,36.148,0.673,-0.160,7.273
-45.941,36.270,0.642,-0.155,7.312
-45.779,36.387,0.611,-0.149,7.356
-45.614,36.500,0.582,-0.145,7.405
-45.445,36.607,0.554,-0.140,7.457
-45.274,36.710,0.526,-0.136,7.513
-45.100,36.808,0.499,-0.133,7.571
-44.923,36.901,0.473,-0.130,7.630
-44.744,36.990,0.447,-0.127,7.690
-44.563,37.074,0.422,-0.125,7.750
-44.379,37.154,0.397,-0.122,7.812
-44.194,37.229,0.373,-0.119,7.874
-44.007,37.299,0.350,-0.116,7.936
-43.818,37.366,0.327,-0.114,8.000
-43.628,37.428,0.304,-0.111,8.064
-43.437,37.485,0.282,-0.109,8.129
-43.244,37.539,0.261,-0.106,8.195
-43.051,37.589,0.240,-0.103,8.261
-42.856,37.634,0.219,-0.101,8.328
-42.661,37.676,0.200,-0.098,8.396
-42.464,37.713,0.180,-0.096,8.465
-42.267,37.747,0.161,-0.093,8.500
-42.070,37.778,0.143,-0.091,8.500
-41.872,37.804,0.125,-0.088,8.500
-41.673,37.827,0.108,-0.086,8.500
-41.474,37.847,0.091,-0.083,8.500
-41.275,37.864,0.074,-0.080,8.500
-41.076,37.877,0.059,-0.078,8.500
-40.876,37.887,0.043,-0.075,8.500
-40.676,37.894,0.029,-0.072,8.500
-40.476,37.899,0.015,-0.069,8.500
-40.277,37.900,0.001,-0.067,8.500
-40.077,37.899,6.271,-0.064,8.500
-39.877,37.895,6.259,-0.061,8.500
-39.677,37.889,6.247,-0.059,8.500
-39.477,37.881,6.235,-0.056,8.500
-39.278,37.870,6.224,-0.053,8.500
-39.078,37.857,6.214,-0.051,8.500
-38.879,37.842,6.204,-0.048,8.500
-38.680,37.826,6.195,-0.046,8.500
-38.481,37.807,6.186,-0.043,8.500
-38.282,37.787,6.177,-0.041,8.500
-38.083,37.765,6.169,-0.038,8.500
-37.885,37.741,6.162,-0.036,8.500
-37.686,37.717,6.155,-0.033,8.500
-37.488,37.690,6.149,-0.031,8.500
-37.290,37.663,6.143,-0.029,8.500
-37.092,37.634,6.137,-0.026,8.500
-36.895,37.605,6.132,-0.024,8.500
-36.697,37.574,6.128,-0.022,8.500
-36.500,37.543,6.123,-0.020,8.500
-36.303,37.511,6.120,-0.017,8.500
-36.105,37.478,6.116,-0.015,8.500
-35.908,37.444,6.114,-0.013,8.500
-35.711,37.410,6.111,-0.011,8.500
-35.514,37.376,6.109,-0.009,8.500
-35.318,37.341,6.108,-0.007,8.500
-35.121,37.306,6.107,-0.005,8.500
-34.924,37.271,6.106,-0.002,8.500
-34.727,37.236,6.106,-0.000,8.500
-34.531,37.200,6.106,0.002,8.500
-34.334,37.165,6.106,0.004,8.500
-34.137,37.130,6.107,0.006,8.500
-33.940,37.095,6.109,0.008,8.500
-33.743,37.061,6.110,0.009,8.500
-33.546,37.026,6.112,0.010,8.500
-33.349,36.993,6.114,0.011,8.500
-33.152,36.959,6.117,0.012,8.500
-32.955,36.926,6.119,0.013,8.500
-32.758,36.894,6.122,0.014,8.500
-32.561,36.862,6.125,0.014,8.500
-32.363,36.831,6.128,0.015,8.500
-32.166,36.800,6.131,0.016,8.500
-31.968,36.770,6.134,0.017,8.500
-31.770,36.741,6.138,0.018,8.500
-31.572,36.713,6.141,0.018,8.500
-31.375,36.685,6.145,0.019,8.500
-31.177,36.657,6.149,0.020,8.500
-30.978,36.631,6.153,0.021,8.500
-30.780,36.606,6.157,0.022,8.500
-30.582,36.581,6.162,0.022,8.500
-30.383,36.557,6.166,0.023,8.500
-30.185,36.534,6.171,0.024,8.500
-29.986,36.512,6.176,0.025,8.500
-29.787,36.491,6.181,0.026,8.500
-29.588,36.472,6.186,0.026,8.500
-29.389,36.453,6.191,0.027,8.500
-29.190,36.435,6.197,0.028,8.500
-28.991,36.418,6.203,0.029,8.500
-28.792,36.403,6.208,0.030,8.500
-28.593,36.388,6.214,0.030,8.500
-28.393,36.375,6.220,0.031,8.500
-28.194,36.363,6.227,0.032,8.500
-27.994,36.353,6.233,0.032,8.500
-27.794,36.343,6.240,0.033,8.500
-27.595,36.335,6.246,0.034,8.500
-27.395,36.328,6.253,0.034,8.500
-27.195,36.323,6.260,0.035,8.500
-26.995,36.319,6.267,0.036,8.500
-26.795,36.317,6.274,0.037,8.500
-26.595,36.316,6.282,0.038,8.500
-26.396,36.316,0.006,0.038,8.500
-26.196,36.318,0.014,0.039,8.500
-25.996,36.322,0.022,0.040,8.500
-25.796,36.327,0.030,0.040,8.500
-25.596,36.333,0.038,0.041,8.500
-25.397,36.342,0.046,0.042,8.500
-25.197,36.352,0.054,0.042,8.500
-24.997,36.364,0.063,0.043,8.500
-24.798,36.377,0.072,0.044,8.500
-24.599,36.392,0.081,0.045,8.500
-24.399,36.409,0.089,0.045,8.500
-24.200,36.428,0.099,0.046,8.500
-24.002,36.449,0.108,0.047,8.500
-23.803,36.471,0.117,0.047,8.500
-23.605,36.495,0.127,0.048,8.500
-23.406,36.522,0.136,0.049,8.500
-23.209,36.550,0.146,0.050,8.500
-23.011,36.580,0.156,0.050,8.500
-22.814,36.612,0.166,0.051,8.500
-22.617,36.646,0.177,0.052,8.500
-22.420,36.682,0.187,0.052,8.500
-22.224,36.720,0.198,0.053,8.500
-22.028,36.761,0.208,0.054,8.500
-21.833,36.803,0.219,0.055,8.500
-21.638,36.848,0.230,0.055,8.500
-21.444,36.894,0.241,0.056,8.500
-21.250,36.943,0.253,0.057,8.500
-21.057,36.994,0.264,0.058,8.500
-20.864,37.047,0.276,0.058,8.500
-20.672,37.103,0.287,0.059,8.500
-20.481,37.161,0.299,0.060,8.500
-20.290,37.221,0.311,0.061,8.500
-20.100,37.283,0.324,0.062,8.500
-19.911,37.348,0.336,0.062,8.500
-19.723,37.415,0.349,0.063,8.500
-19.535,37.485,0.361,0.064,8.500
-19.349,37.557,0.374,0.065,8.500
-19.163,37.631,0.387,0.066,8.500
-18.979,37.708,0.401,0.067,8.500
-18.795,37.787,0.414,0.067,8.500
-18.613,37.868,0.427,0.068,8.500
-18.431,37.952,0.441,0.069,8.500
-18.251,38.039,0.455,0.070,8.500
-18.072,38.128,0.469,0.071,8.500
-17.895,38.220,0.483,0.072,8.500
-17.718,38.314,0.498,0.073,8.500
-17.543,38.411,0.512,0.074,8.500
-17.370,38.510,0.527,0.074,8.500
-17.198,38.612,0.542,0.075,8.500
-17.027,38.716,0.557,0.076,8.500
-16.859,38.823,0.573,0.077,8.500
-16.692,38.933,0.588,0.078,8.500
-16.526,39.045,0.604,0.079,8.500
-16.363,39.160,0.620,0.080,8.500
-16.201,39.277,0.636,0.081,8.500
-16.041,39.397,0.653,0.083,8.500
-15.883,39.520,0.669,0.084,8.500
-15.728,39.646,0.686,0.085,8.500
-15.574,39.773,0.703,0.086,8.500
-15.423,39.904,0.720,0.087,8.500
-15.274,40.037,0.738,0.088,8.444
-15.127,40.173,0.756,0.090,8.352
-14.983,40.311,0.774,0.091,8.258
-14.841,40.452,0.792,0.092,8.162
-14.702,40.596,0.811,0.094,8.064
-14.566,40.742,0.830,0.095,7.963
-14.432,40.891,0.849,0.097,7.859
-14.301,41.042,0.868,0.098,7.752
-14.174,41.196,0.888,0.100,7.642
-14.049,41.352,0.908,0.103,7.530
-13.928,41.511,0.930,0.109,7.419
-13.810,41.673,0.952,0.115,7.311
-13.696,41.837,0.975,0.119,7.203
-13.586,42.004,1.000,0.124,7.094
-13.480,42.173,1.025,0.129,6.987
-13.379,42.345,1.051,0.135,6.879
-13.282,42.520,1.079,0.142,6.774
-13.190,42.698,1.108,0.149,6.671
-13.103,42.878,1.139,0.157,6.571
-13.023,43.061,1.171,0.164,6.472
-12.948,43.246,1.204,0.172,6.376
-12.879,43.434,1.239,0.180,6.282
-12.818,43.624,1.276,0.188,6.189
-12.764,43.816,1.315,0.196,6.098
-12.717,44.011,1.355,0.204,6.008
-12.678,44.207,1.396,0.213,5.920
-12.647,44.404,1.440,0.222,5.834
-12.626,44.603,1.485,0.231,5.750
-12.613,44.803,1.532,0.241,5.669
-12.610,45.002,1.581,0.251,5.589
-12.617,45.202,1.632,0.263,5.515
-12.635,45.401,1.687,0.278,5.449
-12.664,45.599,1.743,0.291,5.390
-12.704,45.795,1.803,0.304,5.338
-12.756,45.988,1.866,0.324,5.303
-12.820,46.177,1.933,0.350,5.292
-12.898,46.361,2.004,0.355,5.288
-12.988,46.539,2.075,0.358,5.285
-13.090,46.711,2.145,0.344,5.283
-13.205,46.875,2.212,0.328,5.295
-13.329,47.031,2.276,0.312,5.323
-13.464,47.179,2.337,0.298,5.364
-13.606,47.319,2.395,0.282,5.414
-13.757,47.451,2.450,0.266,5.476
-13.914,47.574,2.502,0.253,5.547
-14.077,47.689,2.551,0.240,5.624
-14.245,47.797,2.598,0.228,5.707
-14.419,47.896,2.642,0.216,5.794
-14.596,47.988,2.684,0.204,5.885
-14.777,48.073,2.724,0.193,5.981
-14.961,48.151,2.761,0.182,6.081
-15.148,48.222,2.796,0.171,6.185
-15.338,48.286,2.830,0.161,6.293
-15.529,48.344,2.861,0.150,6.404
-15.722,48.397,2.890,0.140,6.520
-15.916,48.444,2.917,0.131,6.640
-16.111,48.486,2.942,0.121,6.763
-16.308,48.523,2.965,0.111,6.891
-16.505,48.556,2.987,0.103,7.023
-16.703,48.585,3.006,0.095,7.159
-16.901,48.610,3.025,0.089,7.299
-17.100,48.632,3.042,0.083,7.439
-17.299,48.650,3.058,0.076,7.576
-17.498,48.666,3.072,0.069,7.712
-17.698,48.678,3.085,0.059,7.844
-17.897,48.688,3.096,0.048,7.975
-18.097,48.697,3.104,0.036,8.103
-18.297,48.704,3.110,0.025,8.229
-18.496,48.709,3.114,0.015,8.353
-18.696,48.715,3.116,0.006,8.476
-18.896,48.720,3.117,0.003,8.500
-19.096,48.725,3.117,0.001,8.500
-19.296,48.729,3.118,0.001,8.500
-19.495,48.734,3.118,0.000,8.500
-19.695,48.739,3.118,-0.000,8.500
-19.895,48.744,3.118,-0.000,8.500
-20.095,48.749,3.118,-0.001,8.500
-20.295,48.754,3.117,-0.001,8.500
-20.495,48.758,3.117,-0.001,8.500
-20.694,48.763,3.117,-0.002,8.500
-20.894,48.768,3.116,-0.002,8.500
-21.094,48.773,3.116,-0.002,8.500
-21.294,48.779,3.116,-0.003,8.500
-21.494,48.784,3.115,-0.003,8.500
-21.693,48.789,3.114,-0.003,8.500
-21.893,48.795,3.114,-0.003,8.500
-22.093,48.800,3.113,-0.004,8.500
-22.293,48.806,3.112,-0.004,8.500
-22.493,48.812,3.111,-0.004,8.500
-22.692,48.818,3.111,-0.004,8.500
-22.892,48.824,3.110,-0.005,8.500
-23.092,48.831,3.109,-0.005,8.500
-23.292,48.838,3.108,-0.005,8.500
-23.492,48.845,3.107,-0.005,8.500
-23.691,48.852,3.105,-0.006,8.500
-23.891,48.859,3.104,-0.006,8.500
-24.091,48.867,3.103,-0.006,8.500
-24.290,48.874,3.102,-0.006,8.500
-24.490,48.882,3.101,-0.006,8.500
-24.690,48.891,3.099,-0.007,8.500
-24.890,48.899,3.098,-0.007,8.500
-25.089,48.908,3.097,-0.007,8.500
-25.289,48.917,3.095,-0.007,8.500
-25.489,48.927,3.094,-0.007,8.500
-25.688,48.936,3.092,-0.008,8.500
-25.888,48.946,3.091,-0.008,8.500
-26.088,48.957,3.089,-0.008,8.500
-26.287,48.967,3.088,-0.008,8.500
-26.487,48.978,3.086,-0.008,8.500
-26.686,48.990,3.084,-0.008,8.500
-26.886,49.001,3.083,-0.008,8.500
-27.085,49.013,3.081,-0.008,8.500
-27.285,49.025,3.079,-0.008,8.500
-27.484,49.038,3.078,-0.009,8.500
-27.684,49.051,3.076,-0.009,8.500
-27.883,49.064,3.074,-0.009,8.500
-28.083,49.078,3.072,-0.009,8.500
-28.282,49.092,3.071,-0.009,8.500
-28.481,49.106,3.069,-0.009,8.500
-28.681,49.121,3.067,-0.009,8.500
-28.880,49.136,3.065,-0.009,8.500
-29.079,49.152,3.063,-0.009,8.500
-29.279,49.167,3.061,-0.009,8.500
-29.478,49.184,3.060,-0.009,8.500
-29.677,49.200,3.058,-0.010,8.500
-29.876,49.217,3.056,-0.010,8.500
-30.075,49.234,3.054,-0.010,8.500
-30.274,49.252,3.052,-0.011,8.500
-30.473,49.270,3.049,-0.011,8.500
-30.672,49.289,3.047,-0.012,8.500
-30.871,49.308,3.045,-0.013,8.500
-31.070,49.328,3.042,-0.013,8.500
-31.269,49.348,3.040,-0.013,8.500
-31.468,49.368,3.037,-0.013,8.500
-31.667,49.389,3.034,-0.013,8.500
-31.866,49.411,3.032,-0.013,8.500
-32.064,49.433,3.029,-0.012,8.500
-32.263,49.456,3.027,-0.012,8.500
-32.461,49.479,3.024,-0.012,8.500
-32.660,49.503,3.022,-0.012,8.500
-32.858,49.527,3.020,-0.012,8.500
-33.057,49.551,3.017,-0.012,8.500
-33.255,49.576,3.015,-0.011,8.500
-33.453,49.602,3.013,-0.011,8.500
-33.651,49.627,3.011,-0.011,8.500
-33.850,49.654,3.009,-0.011,8.500
-34.048,49.680,3.006,-0.011,8.500
-34.246,49.708,3.004,-0.010,8.500
-34.444,49.735,3.002,-0.010,8.500
-34.642,49.763,3.000,-0.010,8.500
-34.839,49.792,2.998,-0.010,8.500
-35.037,49.820,2.996,-0.010,8.500
-35.235,49.850,2.994,-0.010,8.500
-35.433,49.879,2.992,-0.009,8.500
-35.630,49.909,2.990,-0.009,8.500
-35.828,49.939,2.989,-0.009,8.500
-36.025,49.970,2.987,-0.009,8.500
-36.223,50.001,2.985,-0.009,8.500
-36.420,50.032,2.983,-0.009,8.500
-36.618,50.064,2.982,-0.008,8.500
-36.815,50.096,2.980,-0.008,8.500
-37.012,50.128,2.978,-0.008,8.500
-37.209,50.161,2.977,-0.008,8.500
-37.406,50.194,2.975,-0.008,8.500
-37.604,50.227,2.974,-0.007,8.500
-37.801,50.260,2.972,-0.007,8.500
-37.998,50.294,2.971,-0.007,8.500
-38.195,50.328,2.969,-0.007,8.500
-38.391,50.363,2.968,-0.007,8.500
-38.588,50.397,2.967,-0.007,8.500
-38.785,50.432,2.965,-0.006,8.500
-38.982,50.467,2.964,-0.006,8.500
-39.179,50.503,2.963,-0.006,8.500
-39.375,50.538,2.962,-0.006,8.500
-39.572,50.574,2.961,-0.006,8.500
-39.769,50.610,2.960,-0.006,8.500
-39.965,50.647,2.958,-0.005,8.500
-40.162,50.683,2.957,-0.005,8.500
-40.358,50.720,2.956,-0.005,8.500
-40.555,50.757,2.955,-0.005,8.500
-40.751,50.794,2.954,-0.005,8.500
-40.947,50.831,2.954,-0.004,8.500
-41.144,50.869,2.953,-0.004,8.500
-41.340,50.906,2.952,-0.004,8.500
-41.536,50.944,2.951,-0.004,8.500
-41.733,50.982,2.950,-0.004,8.500
-41.929,51.020,2.950,-0.004,8.500
-42.125,51.058,2.949,-0.003,8.500
-42.321,51.096,2.948,-0.003,8.500
-42.517,51.135,2.948,-0.003,8.500
-42.713,51.174,2.947,-0.003,8.500
-42.910,51.212,2.947,-0.003,8.500
-43.106,51.251,2.946,-0.002,8.500
-43.302,51.290,2.946,-0.002,8.500
-43.498,51.329,2.945,-0.002,8.500
-43.694,51.368,2.945,-0.002,8.500
-43.890,51.407,2.944,-0.002,8.500
-44.086,51.446,2.944,-0.002,8.500
-44.282,51.486,2.944,-0.001,8.500
-44.478,51.525,2.944,-0.001,8.500
-44.674,51.564,2.943,-0.001,8.500
-44.870,51.604,2.943,-0.001,8.500
-45.066,51.643,2.943,-0.001,8.500
-45.262,51.682,2.943,-0.000,8.500
-45.457,51.722,2.943,-0.000,8.500
-45.653,51.761,2.943,-0.000,8.500
-45.849,51.801,2.943,0.000,8.500
-46.045,51.840,2.943,0.000,8.500
-46.241,51.880,2.943,0.000,8.500
-46.437,51.919,2.943,0.001,8.500
-46.633,51.959,2.943,0.001,8.500
-46.829,51.998,2.943,0.001,8.500
-47.025,52.037,2.944,0.001,8.500
-47.221,52.077,2.944,0.001,8.500
-47.417,52.116,2.944,0.002,8.500
-47.613,52.155,2.944,0.002,8.500
-47.809,52.194,2.945,0.002,8.500
-48.005,52.233,2.945,0.002,8.500
-48.201,52.272,2.946,0.002,8.500
-48.397,52.311,2.946,0.003,8.500
-48.593,52.350,2.947,0.003,8.500
-48.789,52.389,2.947,0.003,8.500
-48.986,52.427,2.948,0.003,8.500
-49.182,52.466,2.948,0.003,8.500
-49.378,52.504,2.949,0.003,8.500
-49.574,52.542,2.950,0.004,8.500
-49.770,52.580,2.951,0.004,8.500
-49.967,52.618,2.951,0.004,8.500
-50.163,52.656,2.952,0.004,8.500
-50.359,52.693,2.953,0.004,8.500
-50.556,52.731,2.954,0.005,8.500
-50.752,52.768,2.955,0.005,8.500
-50.948,52.805,2.956,0.005,8.500
-51.145,52.842,2.957,0.005,8.500
-51.341,52.878,2.958,0.005,8.500
-51.538,52.915,2.959,0.005,8.500
-51.734,52.951,2.960,0.006,8.500
-51.931,52.987,2.961,0.006,8.500
-52.128,53.023,2.962,0.006,8.500
-52.324,53.058,2.964,0.006,8.500
-52.521,53.093,2.965,0.006,8.500
-52.718,53.128,2.966,0.007,8.500
-52.915,53.163,2.967,0.007,8.500
-53.112,53.198,2.969,0.007,8.500
-53.309,53.232,2.970,0.007,8.500
-53.506,53.266,2.972,0.007,8.500
-53.703,53.300,2.973,0.007,8.500
-53.900,53.333,2.975,0.008,8.500
-54.097,53.366,2.976,0.008,8.500
-54.294,53.399,2.978,0.008,8.500
-54.491,53.431,2.979,0.008,8.500
-54.688,53.463,2.981,0.008,8.500
-54.886,53.495,2.983,0.009,8.500
-55.083,53.527,2.984,0.009,8.500
-55.281,53.558,2.986,0.009,8.500
-55.478,53.589,2.988,0.009,8.500
-55.676,53.619,2.990,0.009,8.500
-55.873,53.649,2.992,0.009,8.500
-56.071,53.679,2.993,0.010,8.500
-56.269,53.708,2.995,0.010,8.500
-56.466,53.737,2.997,0.010,8.500
-56.664,53.766,2.999,0.010,8.500
-56.862,53.794,3.001,0.010,8.500
-57.060,53.821,3.003,0.010,8.500
-57.258,53.849,3.006,0.011,8.500
-57.456,53.876,3.008,0.011,8.500
-57.654,53.902,3.010,0.011,8.500
-57.853,53.928,3.012,0.011,8.500
-58.051,53.954,3.014,0.011,8.500
-58.249,53.979,3.017,0.011,8.500
-58.447,54.004,3.019,0.012,8.500
-58.646,54.028,3.021,0.012,8.500
-58.844,54.052,3.024,0.012,8.500
-59.043,54.075,3.026,0.012,8.500
-59.241,54.098,3.028,0.012,8.500
-59.440,54.120,3.031,0.013,8.500
-59.639,54.142,3.033,0.013,8.500
-59.837,54.163,3.036,0.013,8.500
-60.036,54.184,3.039,0.013,8.500
-60.235,54.204,3.041,0.013,8.500
-60.434,54.224,3.044,0.013,8.500
-60.633,54.243,3.047,0.014,8.500
-60.832,54.262,3.049,0.014,8.500
-61.031,54.280,3.052,0.014,8.500
-61.230,54.298,3.055,0.014,8.500
-61.429,54.315,3.058,0.014,8.500
-61.628,54.331,3.060,0.014,8.500
-61.828,54.347,3.063,0.015,8.500
-62.027,54.362,3.066,0.015,8.500
-62.226,54.377,3.069,0.015,8.500
-62.426,54.391,3.072,0.015,8.500
-62.625,54.405,3.075,0.015,8.500
-62.825,54.418,3.078,0.015,8.500
-63.024,54.430,3.081,0.015,8.500
-63.224,54.442,3.084,0.016,8.500
-63.423,54.453,3.088,0.016,8.500
-63.623,54.463,3.091,0.016,8.500
-63.822,54.473,3.094,0.016,8.500
-64.022,54.483,3.097,0.016,8.500
-64.222,54.491,3.101,0.016,8.500
-64.422,54.499,3.104,0.017,8.500
-64.621,54.506,3.107,0.017,8.500
-64.821,54.513,3.111,0.017,8.500
-65.021,54.519,3.114,0.017,8.500
-65.221,54.524,3.117,0.017,8.500
-65.421,54.528,3.121,0.017,8.500
-65.620,54.532,3.124,0.018,8.500
-65.820,54.535,3.128,0.018,8.500
-66.020,54.537,3.131,0.018,8.500
-66.220,54.539,3.135,0.018,8.500
-66.420,54.540,3.139,0.018,8.500
-66.620,54.540,3.142,0.018,8.500
-66.820,54.540,3.146,0.019,8.500
-67.020,54.539,3.150,0.019,8.500
-67.219,54.537,3.154,0.019,8.500
-67.419,54.534,3.157,0.019,8.500
-67.619,54.530,3.161,0.019,8.500
-67.819,54.526,3.165,0.019,8.500
-68.019,54.521,3.169,0.020,8.500
-68.219,54.515,3.173,0.020,8.500
-68.418,54.508,3.177,0.020,8.500
-68.618,54.501,3.181,0.020,8.500
-68.818,54.493,3.185,0.020,8.500
