# x_m,y_m,theta_rad,kappa_1pm,v_mps,heading,ld_m
-3.1767114354150507,2.556277889421665,-2.458090823158229,0.0349628345658834,12.0,2.4463981378309856,1.6
-3.701227282321227,2.99378007158861,-2.456798540782452,-0.0310996285259497,12.0,2.4674194781573564,1.6
-4.223744196163409,3.411307288388155,-2.451029083186072,0.0479882799518752,12.0,2.4349807507600514,2.0
-4.743286287292399,3.8548167642345375,-2.438452501155508,-0.0101643107930312,12.0,2.4419241178968556,2.0
-5.265915399088222,4.294725142109385,-2.455422872024392,-0.0403636516939906,12.0,2.4692096026119033,2.0
-5.78918901060441,4.711324368776175,-2.4544452314178984,0.0432282110047664,12.0,2.4399884884911245,1.6
-6.3109377874817625,5.152219998249311,-2.4507552450313144,-0.0321964010245088,12.0,2.461751755144099,1.6
-6.831059070341055,5.572685141238264,-2.450439840307469,0.0331236026302274,12.0,2.439363019731034,2.0
-7.352473147933331,6.013857244854165,-2.441272319552226,-0.0055897839443043,12.0,2.4431812644574156,1.6
-7.875665178673401,6.4531169038559,-2.4550417073176147,-0.0354655837734402,12.0,2.467155675828725,2.0
-8.398070583876404,6.870780871329394,-2.456699510042764,0.0306171752048684,12.0,2.4464604763968842,2.0
-8.922613340272747,7.308250052547333,-2.4566927170096053,-0.0305968664290947,12.0,2.467141947077902,2.0
-9.445012942379924,7.725921136754312,-2.4545003289088947,0.0370143665126595,12.0,2.4421219424413927,1.6
-9.96768279729794,8.165687185203677,-2.4544757620960644,-0.03694092332397,12.0,2.467092296984288,2.0
-10.490061412493816,8.583384007095969,-2.450126685306542,0.0496760599221375,12.0,2.4335139762337152,2.0
-11.008914325135647,9.027622443044796,-2.4391321285843253,-0.0164472639319585,12.0,2.4447492733528375,1.6
-11.532819494317728,9.466082131067475,-2.456940761670571,-0.0364546135386759,12.0,2.469393147792103,2.0
-12.056170693326584,9.882586206883282,-2.454302976523043,0.0441817489357065,12.0,2.439527311955186,2.0
-12.577720357261876,10.323726022181066,-2.45741609830702,-0.0534854786514301,12.0,2.4756839428299386,0.6
-13.103731015724854,10.736968620901369,-2.458194923696431,0.0512065602267601,12.0,2.44106834414151,0.6
-13.625946007764774,11.177292498821036,-2.451308762996984,-0.0306224623480864,12.0,2.4617675103340275,0.6
-14.146073949791194,11.597749475217714,-2.452795159797714,0.0262698850897716,12.0,2.444010279910828,0.6
-14.66959237896114,12.036543755213524,-2.4394643998718744,0.013309265645737,12.0,2.4349186866510797,0.6
-15.189118952576678,12.480095728382183,-2.4522691917625856,-0.0518805990345656,12.0,2.469989420508839,0.6
-15.712722207990566,12.896290690182145,-2.4551258218280307,0.0435191737445922,12.0,2.4405716357489893,0.6
-16.23472275406197,13.33687755786595,-2.4567245072731825,-0.0482972912102479,12.0,2.473220033625876,0.6
-16.75969172401532,13.751397650480571,-2.4574939246129035,0.0460446746749761,12.0,2.4420944320179925,0.6
-17.282360789840233,14.191187593589913,-2.4496403561275977,-0.0225335566728319,12.0,2.4573364673729765,0.6
-17.801343034508996,14.614534477428696,-2.452309767446672,0.0147402317788123,12.0,2.4473736321989636,0.6
-18.32552583823777,15.050892478563608,-2.4456604426431467,0.0050161070194174,12.0,2.443949854691352,0.6
-18.8490065229241,15.489708978335193,-2.453517431008504,-0.0286102066852783,12.0,2.463288897803917,0.6
-19.369777506855517,15.909377348445217,-2.457338708288108,0.0174237765793467,12.0,2.451511999347117,0.6
-19.896500733264823,16.34417247009304,-2.455566290714228,-0.0121238368427943,12.0,2.459706559736007,0.6
-20.41575758996648,16.76569771802532,-2.446592748282601,0.0383919640530261,12.0,2.433754228099235,0.6
-20.934796559564305,17.209879385541758,-2.446479896534962,-0.0377035683387782,12.0,2.459358564446463,0.6
-21.458738183287544,17.635510228870974,-2.4583302483247134,0.0030388780015491,12.0,2.4573045691051916,0.6
-21.983149200839264,18.063313358769975,-2.450292858528357,0.02053024308807,12.0,2.44334569633949,0.6
-22.50635411356272,18.50243717919687,-2.4532091824012228,-0.029495076019103,12.0,2.463282662366258,0.6
-23.02712246195275,18.92210878145164,-2.4509657982694253,0.0360615225425476,12.0,2.438906420557482,0.6
-23.548404050828,19.36357735553792,-2.4538094210803645,-0.0445626949623465,12.0,2.4690298767816587,0.6
-24.07160168967463,19.78026975268762,-2.4585384358022915,0.0307210291281425,12.0,2.4482644676738485,0.6
-24.59692315400557,20.216783951084206,-2.4592256758572346,-0.032775447855407,12.0,2.470418715416498,0.6
-25.12070788327447,20.632756359078886,-2.454676060997979,0.0460896154124549,12.0,2.439262155608315,0.6
-25.642168871965215,21.07405841273889,-2.4491645950198704,-0.0293334376719328,12.0,2.4591838990887593,0.6
-26.16613388989264,21.499860196930857,-2.4559286069582345,0.0096224035647736,12.0,2.4526802564718206,0.6
-26.68843233836347,21.929977820613804,-2.447297716738761,0.0157599229334724,12.0,2.441966081017803,0.6
-27.211034876004504,22.369826364393663,-2.452895548068642,-0.0326825575977931,12.0,2.464057736628065,0.6
-27.73213082766263,22.789096204345334,-2.4513882774037947,0.0370939085879152,12.0,2.438983599485386,0.6
-28.25344573951937,23.23052391217937,-2.4558221451285056,-0.0503476280579977,12.0,2.4730184325038804,0.6
-28.77832948053571,23.64514852687104,-2.4568389929450305,0.0473721577901739,12.0,2.4409955785279482,0.6
-29.300513057398028,24.08551093137248,-2.455374062580224,-0.0429937609172643,12.0,2.4700581065579486,0.6
-29.82414534801617,24.5016702853148,-2.455377708610808,0.0429821883769231,12.0,2.4410030947901027,0.6
-30.34634313506688,24.942037957142315,-2.4513308362342388,-0.0305838596126193,12.0,2.4617766280642086,0.6
-30.871572216171085,25.36661063441419,-2.4547563655037288,0.0207578902370632,12.0,2.4477467150734515,0.6
-31.391579135072423,25.79916405842314,-2.44786096959629,-0.0003345331836761,12.0,2.447974107816444,0.6
-31.91681613091409,26.235865940378748,-2.457281732559632,-0.0278321334546564,12.0,2.466787360876693,0.6
-32.43906585117636,26.653720834947425,-2.457062759782761,0.0284753722081641,12.0,2.4475400232022397,0.6
-32.96407460639729,27.0906185299219,-2.4462336726795044,0.0039061711076786,12.0,2.44489967979584,0.6
-33.477072940934995,27.5198190318076,-2.4457572771319835,-0.0025114155688356,12.0,2.4465971760925243,0.6
-34.001624352441766,27.957173863566485,-2.44770387009585,-0.0032515363601187,12.0,2.44881420362662,0.6
-34.525421517729285,28.391934900918525,-2.4520988031668667,-0.0097885244274261,12.0,2.455430428703741,0.6
-35.04464984891928,28.81713329505534,-2.4487898542233038,0.0194401140417334,12.0,2.4422666051377786,0.6
-35.56747320745028,29.25689933900013,-2.4478053393714214,-0.0163890008280178,12.0,2.453403679614225,0.6
-36.08954346077391,29.68619561264676,-2.4560975236185745,-0.0079716157955838,12.0,2.4587915660576027,0.6
-36.61388050106051,30.112641400697303,-2.4452805764834658,0.0395532696528596,12.0,2.4319143648757646,0.6
-37.13212078507961,30.557793962905027,-2.44610159335626,-0.0424250117400053,11.98692913726406,2.460593546220775,0.6
-37.651752535792966,30.978859452659545,-2.449920288157013,0.0312535677285305,11.687948192618094,2.439468867181878,0.6
-38.17321194926872,31.419975214569707,-2.44273773156364,-0.0095704719834571,11.285790318265452,2.446006096911826,0.6
-38.697623932786456,31.8577395052178,-2.454803744038911,-0.0263077840880875,10.853822334197494,2.463789361696675,0.6
-39.21860644914607,32.277148458637555,-2.45162289200994,0.0356217174957136,10.413544624635188,2.4397105535832213,0.6
-39.74023522803441,32.71819124985517,-2.4526007783143267,-0.0385453622307444,9.943772776339486,2.4657658094910375,0.6
-40.26205314891907,33.13657568954538,-2.467235403283859,-0.0043031817594422,9.461233278049232,2.468674461312103,0.6
-40.796184159790656,33.56228613824793,-2.477551408530252,-0.0265342063943176,8.941619701093265,2.486613195266861,0.6
-41.32681677318126,33.969860517394764,-2.465687989494982,0.0611796608882387,8.401501993484558,2.4452205258345305,0.6
-41.85160735055299,34.40864084800772,-2.421600503490698,0.0690617092684923,7.819628359865359,2.397979446987434,0.6
-42.35506965801856,34.871693834927314,-2.3666548067962867,0.0893392552913276,7.181908210654405,2.336099716883535,0.6
-42.84086376724302,35.377414899031834,-2.291172536368757,0.1317962316367246,6.47349792900418,2.244961125197847,0.6
-43.266457840583215,35.91003627731686,-2.17787494797655,0.2076504412599454,5.744429840172518,2.107086676289985,0.6
-43.59662062845632,36.46549352303839,-2.0066444530103897,0.3075632258981698,5.051397994390662,1.9072766352303523,0.6
-43.81226474296053,37.08200413266896,-1.766400139571838,0.4176648585089148,4.334759521437477,1.6300184006236313,0.6
-43.85218799290175,37.755343696563145,-1.4378622314314975,0.5935071641493102,3.636353943141604,1.237643556537817,0.6
-43.64037372656701,38.3674328147428,-1.048391012614655,0.5888109175085656,3.6389191160850216,0.8576951943545844,0.6
-43.21982656931311,38.85365086143693,-0.7081307049574312,0.468972547203943,3.793624159256853,0.5573846091065467,0.6
-42.67851385135292,39.19105761747113,-0.443699090544499,0.3463447056805708,4.415251741959969,0.33324649834413705,0.6
-42.05817954696173,39.40579024917743,-0.2495898243679147,0.2520587697357159,4.974538840037444,0.16685908082650705,0.6
-41.40361999895558,39.51603449620775,-0.106001221184183,0.1791216828150122,5.4823594616354185,0.04655350403736218,0.6
-40.72485152628549,39.54765639430396,-0.0705490359184899,-0.0708859463872361,5.957541653424164,0.09463270988294745,0.6
-40.05086246302665,39.61162888524392,-0.0484298866596757,0.131883732595879,6.395971287210684,0.0037865746571804524,0.9
-39.35021569041002,39.61428194923676,0.0048372154873723,0.0246255922136916,6.820092599950828,-0.013464198228527803,0.9
-38.649886663535696,39.60485201055252,0.0380416862744862,0.0726037612182178,7.219196850123012,-0.06346733993245127,2.0
-37.9742166409165,39.561911359597374,0.0809199607998695,0.0515877787225683,7.585055590971012,-0.09838327937062118,1.2
-37.30087013777654,39.495450753928296,0.0672040640524585,-0.0890810448538993,7.933852526317174,-0.03706728811797016,1.2
-36.6013355779534,39.46950902258912,0.0679256530365265,0.0913705740194724,8.279259579631336,-0.09990624253327904,2.0
-35.929244495380544,39.40213863152678,0.1249516999783611,0.0759870598080813,8.599407721121382,-0.1506148472086358,1.2
-35.27750238183616,39.303227531887,0.1407580312390023,-0.029147144866228,8.900755748145835,-0.13115106385090516,1.2
-34.606962473818754,39.21477779756715,0.1480894091981116,0.0513572832814907,9.19968694491747,-0.16545713778535778,1.6
-33.95634231323717,39.10613482825264,0.1709344879221101,0.0164967444650374,9.48215527575677,-0.17637534995766035,1.2
-33.30259209355916,38.98961868637798,0.1851718993517243,0.0266651877617358,9.758262473143407,-0.19402543875840145,1.2
-32.65519428748952,38.86240668671827,0.2049595027334124,0.0332769448514455,10.025064054641897,-0.21593719918084595,1.6
-32.01330048684,38.72160259155366,0.2222442836404436,0.0192812102441214,10.283926967256342,-0.22857966119285314,1.2
-31.37609645586388,38.5733598435308,0.2487462068723061,0.0615992280626331,10.535317768224216,-0.268895954672841,1.6
-30.74485946828917,38.39940993711284,0.2853002942453814,0.0504457555514302,10.77211789689794,-0.30181538568917465,1.2
-30.123881853569348,38.20608316998237,0.319196156180613,0.0534499347504523,11.010973112392216,-0.3365774232218459,1.2
-29.51001601015051,37.99129723472912,0.3504720330396169,0.0429179710568704,11.244749225926832,-0.36442803720518985,1.2
-28.90504232004654,37.7605199040367,0.3776741301042909,0.0410051367712075,11.47276578836566,-0.39094946628811916,1.2
-28.30771983596092,37.51432433737001,0.408843411413622,0.0552781867211386,11.695850315402256,-0.4267001976723345,1.6
-27.71835507681115,37.24637956062165,0.4435451475989737,0.0519570186516313,11.811552607134644,-0.4603640037310845,0.6
-27.137442791342217,36.958303876501645,0.47768820724196,0.0531249314314656,11.975542990029918,-0.49491179911874017,1.2
-26.56349462831568,36.64853602289624,0.5114863101725876,0.0508255797707205,12.0,-0.5280606832425083,0.6
-26.00012366599412,36.31991335518521,0.544773167629212,0.0507162678016562,12.0,-0.5613120234222511,0.6
-25.44219335835809,35.96909861945849,0.578638611031974,0.0526387043670146,12.0,-0.5959845868147151,0.6
-24.897369182840933,35.59956719510967,0.6043272701237054,0.0249252399076864,12.0,-0.6125316759752453,0.6
-24.34965600901105,35.2146924788873,0.6298335320242213,0.0517067710652139,12.0,-0.6471402115972447,0.6
-23.815736940434213,34.811208939075954,0.6614975799495791,0.0428914480740016,12.0,-0.6758496975933747,0.6
-23.293429105009423,34.392412084119925,0.671127447153428,-0.0141189650636878,12.0,-0.6664013026805568,0.6
-22.767621269162085,33.978909796903466,0.6816684942861269,0.0446985643674779,12.0,-0.696618431802607,0.6
-22.243659242101657,33.54060290460676,0.6940672940363031,-0.0075237400632897,12.0,-0.6914974958141165,0.6
-21.72128051678594,33.108148134031765,0.6877552184733877,-0.0111119288114706,12.0,-0.683987403306052,0.6
-21.19923129851386,32.68253307789166,0.6948657763628926,0.0318431801215771,12.0,-0.7055899253416236,0.6
-20.67912419122515,32.239459355988885,0.6999964753291272,-0.0166100063191805,12.0,-0.6943221108860038,0.6
-20.161544917466124,31.80850814886921,0.6914576924966906,-0.0084472647679411,12.0,-0.6886130604427783,0.6
-19.637896611992048,31.377541888554948,0.688977380659811,0.0010667344155839,12.0,-0.6893391040970795,0.6
-19.110804368554447,30.943098954214253,0.6874556110444897,-0.0056317081099014,12.0,-0.6855322221332009,0.6
-18.59302948960474,30.519635468184983,0.7004562054271629,0.0436967422195427,12.0,-0.7150703236313132,0.6
-18.077279264937843,30.07176645350022,0.7083404468503468,-0.0196995580362498,12.0,-0.7016123559763497,0.6
-17.555410034019843,29.63076170921373,0.6850312425830806,-0.0495775243724861,12.0,-0.6680942657747635,0.6
-17.030323386096903,29.21638593314503,0.6848273576630193,0.0489926983536781,12.0,-0.7012128776286788,0.6
-16.50840567340631,28.77569748121872,0.6869473058984876,-0.0426565721702005,12.0,-0.672378274119777,0.6
-15.985130042639788,28.359100730896767,0.6884998132104193,0.0471995097185587,12.0,-0.7042846698992031,0.6
-15.464539480465175,27.91678648715524,0.6897072268738251,-0.0432456443526118,12.0,-0.6749361824183552,0.6
-14.938183681557042,27.495533285772197,0.6804726361520861,0.016337499542037,12.0,-0.6859797589937684,0.6
-14.413733636346509,27.06621865011107,0.6962057186945813,0.029942043289905,12.0,-0.7063524801437556,0.6
-13.89411390121463,26.622875875780093,0.6934251189412255,-0.0386574380390526,12.0,-0.6802226270108129,0.6
-13.374153961390329,26.20221286678782,0.6894098969605372,0.026900547460056,11.744159972484445,-0.6984056612884524,0.6
-12.851024314689331,25.763010692462007,0.6929372135022139,-0.0163526414509916,11.329719028059824,-0.6873523418772363,0.6
-12.33407781459598,25.33865209614059,0.6926044856797249,0.0153828850559185,10.908671738078208,-0.6977486396163366,0.6
-11.810812105803803,24.89992149532237,0.696422274308313,-0.0038810925308807,10.461316505587291,-0.6950971617487471,0.6
-11.285889165251398,24.46216640427443,0.7002212787624333,0.0150784001683452,9.993504343743552,-0.7053743296658445,0.6
-10.768414699700806,24.021527896457645,0.7180396141008504,0.0376684487571416,9.50551648973559,-0.7308405476923725,0.6
-10.267690824828604,23.57266279535224,0.7228465732278194,-0.0233882526727066,8.996687430724323,-0.7149827265157013,0.6
-9.751509845187918,23.12449902697065,0.6886069634706556,-0.0786813629633257,8.448085129187204,-0.66171405540059,0.6
-9.222567639714027,22.71252970766891,0.6277890727998484,-0.10120656712618,7.951828101572567,-0.5938622755541841,0.6
-8.66694085723529,22.337390546314754,0.5542155131503018,-0.1204021473342282,7.479638478158115,-0.5138558788479565,0.6
-8.093416642521952,22.01367512816616,0.4642061836424369,-0.1548694725659297,7.011180869507415,-0.41320899429262997,0.6
-7.506192492663217,21.75620568177893,0.3578337298229154,-0.1739510322215423,6.65230428171503,-0.302065825252764,0.6
-6.898339995661779,21.566798113047152,0.2362913683335383,-0.1956420066733168,6.2749103436077895,-0.1740131976543541,0.6
-6.2361225912587415,21.45038615843706,0.0945136108386887,-0.2334238594067514,5.79791687983485,-0.01604088638318857,0.6
-5.555058614160352,21.43946035143807,-0.0805411717067615,-0.2860434906723423,5.237966342190393,0.17796197977466965,0.6
-4.89041852075853,21.559005710023488,-0.269478680505188,-0.2801629618689283,5.240641094334009,0.3640809328180938,0.6
-4.279901885184337,21.791654772167607,-0.4420930377108538,-0.2389560437981135,5.429798830415053,0.5201531309162322,0.6
-3.7133164536419594,22.11617517854155,-0.5938721316634189,-0.2246084573645498,5.830824340173852,0.6671998656553597,0.6
-3.197661497490735,22.52235997327964,-0.7370923186313622,-0.2154257042429307,6.031181677431136,0.807797769000455,0.6
-2.7492232321377585,22.99135174732016,-0.8835766892754543,-0.2344906922974,5.785165221954571,0.9596555811952427,0.6
-2.378357605105812,23.520692299937934,-1.0422060453017352,-0.2532416839420379,5.566869535571319,1.1240441175688878,0.6
-2.0966926385997056,24.10865101371273,-1.204489963368322,-0.2457957373000762,5.569451816281709,1.2846121080589012,0.6
-1.9119110979509413,24.73660023460818,-1.3547853760475193,-0.2113393678866759,5.783979285764988,1.4239529736467307,0.6
-1.8147463682232756,25.393527054320234,-1.485065818827074,-0.1807205782252255,6.162668602593098,1.5450710299631052,1.2
-1.7973498406018038,26.069619926821,-1.6004625882708456,-0.1643648985277212,6.567056993551331,1.65604404452838,1.2
-1.854737945672241,26.74118067658629,-1.7046131861778342,-0.1447492124849594,6.904107366662317,1.753394357743922,1.2
-1.9765962099588703,27.40110515244117,-1.7936815234222463,-0.1262398759952231,7.258506704835498,1.8360407058959043,1.2
-2.1439163669555086,28.017056811242643,-1.8720056088657104,-0.1114401810899571,7.602111808573879,1.9075701554117812,1.2
-2.3572030564933044,28.62625390361298,-1.9394607189313349,-0.0979189468587886,7.934465633780881,1.9710618130050677,1.6
-2.6110160224741747,29.226133952354257,-2.0027870014870164,-0.0974357152872004,8.256310882279644,2.0345201375148583,1.2
-2.9022870089408954,29.8085649654486,-2.060474191235588,-0.079901696510791,8.5659961032504,2.0864902897604334,1.2
-3.222654456160633,30.37372827410292,-2.0959810285904683,-0.0290843451143361,8.864168752106428,2.105428347480231,1.2
-3.555188200657412,30.93529253195157,-2.0796088587672994,0.0796963046869189,9.15393749889185,2.053602518689052,1.2
-3.856008462219663,31.509176752267937,-2.058511327571305,-0.0150796237192661,9.432823093837795,2.063396729521001,1.2
-4.163903087242623,32.08282252106606,-2.063247570813525,0.0004580336014419,9.704976386810506,2.0630984689917473,1.2
-4.471744006120318,32.65677899094227,-2.062051691259493,0.003216354961672,9.96980285386368,2.0610042848085053,1.2
-4.778198216916145,33.231033966765494,-2.0490754007973355,0.0368613110645153,9.728611874520425,2.0370787134697563,0.6
-5.069172842608893,33.80917003586487,-2.052208994874349,-0.046454285752796,9.25119773593292,2.0672423105700686,0.6
-5.379439387510111,34.38193803925212,-2.0861302004350235,-0.0580159271840761,8.74457165847453,2.10502613434038,0.6
-5.710979523545014,34.94233834036213,-2.0980337257403163,0.0214350706360856,8.222880103590152,2.091055241093789,0.6
-6.035304081663398,35.50844297586096,-2.055446934293072,0.1094750098951681,7.64733812580451,2.019734690862339,0.6
-6.3176397012111565,36.09450990587253,-1.9730549495925809,0.1436531850457435,7.166451702335145,1.926329658874507,0.6
-6.54386197718064,36.70376129484262,-1.8708615442968155,0.1706036830663865,6.767275252754271,1.8154243026194474,0.6
-6.7013511680470685,37.33465827805068,-1.7533803804178816,0.1900142932820149,6.426658441622722,1.6916015108187366,0.6
-6.780050401038601,37.98294185886863,-1.6305104111265845,0.1922094680290518,6.389854645646433,1.5677488187660695,0.6
-6.778113154298829,38.61862213408884,-1.50886194478465,0.177482861242055,6.392372607363412,1.4524518773416857,0.6
-6.699767369770505,39.27754351162832,-1.402328291388839,0.1564068883230868,6.696453844859371,1.3504346361168311,0.6
-6.559667266714925,39.9029925516228,-1.3035461518440536,0.1444905079009358,7.025412435977122,1.257240900523282,0.9
-6.359483274194119,40.52036374732968,-1.2143780243135454,0.131463315534201,7.321802874508472,1.1717172361212085,1.2
-6.106101526619192,41.12121001610913,-1.1339843754746923,0.1165310927006487,7.623122481510694,1.095990058836344,1.2
-5.810039506635839,41.697175720568765,-1.06432883416155,0.0970669359782823,7.952950602969394,1.032898469216326,1.2
-5.475815840585433,42.25741249169421,-1.0554504336009682,-0.0696441713502462,8.274556525270047,1.0781669068355177,1.6
-5.169520883092531,42.82803814463404,-1.0736948432638975,0.0137180806314638,8.58192055429323,1.0692526933233302,1.2
-4.856054722411727,43.39973483702336,-1.0830311446941203,-0.0423913838389723,8.88061509476168,1.0968506419095343,1.2
-4.559367354563541,43.97814079759184,-1.1045305363768796,-0.0237024299878295,9.168740227510588,1.112234526912913,1.2
-4.272512876509055,44.559219212158425,-1.08833857840654,0.0732767131227007,9.44722207097026,1.0645959875553892,1.2
-3.956283486166804,45.129638336361296,-1.0863717038552263,-0.0670777257512544,9.719449147460717,1.1082461222566564,1.2
-3.666559289648724,45.71067994998265,-1.101573592439938,0.020573517415608,9.983077631740125,1.0948947249337986,1.2
-3.369385685537239,46.28725403590303,-1.0835596503177924,0.0347610572510966,10.23968053858766,1.0722857314675793,1.6
-3.057571129965986,46.86005281336274,-1.089602065331619,-0.0534018010462901,10.491349958789936,1.1070156179575192,1.6
-2.767462430620057,47.44007719633183,-1.1017230800396425,0.0163004465725661,10.73576569586372,1.0964374146241374,1.2
-2.470849304529729,48.01775047337495,-1.0842716836454074,0.0373112291340805,10.975046786325562,1.0721572257776526,1.2
-2.15898466132154,48.59046598772487,-1.090364025197171,-0.0562068696923073,11.210201825834602,1.1086908895232355,1.2
-1.8701513623659736,49.17036663070981,-1.096907803678232,0.0362528894221424,11.406156017812153,1.085164590080233,1.2
-1.566729647115828,49.74525750301154,-1.0843386073935712,0.0025337750313927,11.631886798222524,1.0835150678952716,1.2
-1.261457079078241,50.32135112941052,-1.097476667866769,-0.0431429619672456,11.853970382979986,1.1115408005089105,2.0
-0.9745545690621212,50.90151252353206,-1.096815395288376,0.0452430452255651,12.0,1.0821741817178498,1.2
-0.6689939324869485,51.476285621182384,-1.0795949865536871,0.0079218475517575,12.0,1.0770166368713106,0.6
-0.3603717863117239,52.04966309611821,-1.089895939195146,-0.0398017696803945,12.0,1.1028546017628085,0.6
-0.0684644978782529,52.62726358399411,-1.0938633803246816,0.0275980630959959,12.0,1.0849330279930736,0.6
0.2358066810882846,53.20344067987613,-1.0917685799283885,-0.021012252156646,12.0,1.098614197914216,0.6
0.5317310815684237,53.78287324913538,-1.0845493027029314,0.0432047170933314,12.0,1.070494260820188,0.6
0.8440487350630406,54.35415665995559,-1.0834902760761764,-0.0400849852470651,12.0,1.0965395727046303,0.6
1.1401689186903567,54.93101492210977,-1.0906105096205252,0.0182581417295731,12.0,1.0846910085341346,0.6
1.4435924343431523,55.505250253346205,-1.0956071552936557,-0.03351862726918,12.0,1.1064918359617777,0.6
1.73526676011317,56.08764218382625,-1.0910997803781533,0.0474278692629223,12.0,1.0756537533276436,0.6
2.0436780687414355,56.65876151901345,-1.076226272586612,-0.0017558699855069,12.0,1.0767961158577175,0.6
2.352881987635854,57.23291643168696,-1.08502671261431,-0.0254024696705445,12.0,1.0933094466823323,0.6
2.650676611331648,57.80845312176035,-1.084899030784309,0.0258382759533782,12.0,1.0765272292700858,0.6
2.9595055083735176,58.38154248545662,-1.0844702184714046,-0.0244024551696938,12.0,1.0924132711053904,0.6
3.2591893053220105,58.959460783716125,-1.0844482839915304,0.0244609833653784,12.0,1.0764862439168976,0.6
3.568153538068892,59.53274502326691,-1.0934308275640343,-0.0523606097383268,12.0,1.110480497961665,0.6
3.855671695230072,60.11260322282391,-1.0946407597151662,0.0486193384513793,12.0,1.0789069004818321,0.6
4.163408583218171,60.68693468254929,-1.0824151802700106,-0.0107870688829769,12.0,1.085929508234126,0.6
4.466581951262924,61.26242095975013,-1.0886791292932478,-0.0084934916580052,12.0,1.0914414686940184,0.6
4.765197433226589,61.8369122695763,-1.0891109947855455,0.0071500600335299,12.0,1.086796286485521,0.6
5.068530337925111,62.41391365860363,-1.0874614380799672,-0.0020470985481358,12.0,1.0881286646073347,0.6
5.3701532803411,62.98952308261802,-1.083845652683257,0.0131544118633424,12.0,1.0795714676521673,0.6
5.677323768876477,63.563713763537095,-1.0867909763169703,-0.022254318442109,12.0,1.0940368733336412,0.6
5.975068228898905,64.14018052928331,-1.0911532655365757,0.0088441999316849,12.0,1.0882841244394308,0.6
6.277641982930632,64.71782286800945,-1.0940177272489355,-0.0176936555230892,12.0,1.099786656579865,0.6
6.571739510755009,65.29534900140924,-1.1042869536070017,-0.0138550301024841,12.0,1.1087766556634522,0.6
6.861315002628913,65.876864741144,-1.0925079103172608,0.0501654240704803,12.0,1.0762135160754935,0.6
7.169184277065625,66.44774442487125,-1.0814421664402851,-0.016063161413194,12.0,1.0866514814441488,0.6
7.472198592016085,67.02393720120585,-1.0717569612278188,0.0457377605212725,12.0,1.0568690606373223,0.6
7.792378698450392,67.59110334036352,-1.048058577006726,0.0271051406258757,12.0,1.0392317769303983,0.6
8.121901518732841,68.15149666668852,-1.0240358335257806,0.0457632195913132,12.0,1.0091605821904865,0.6
8.475588089815858,68.71359041184233,-0.9934339647730752,0.0475548961752646,12.0,0.9776430946267988,0.6
8.84530148041037,69.26201905862764,-0.9763265547749308,0.003999215367214,11.790711141971803,0.9750039960937721,0.6
9.214771831304615,69.80697869442157,-0.9738353944358488,0.0035455423785415,11.39312433675966,0.9726682035210762,0.6
9.585962188905484,70.35173146689229,-0.9627036062445948,0.0298274318132572,10.980644521142544,0.9528725635419834,0.6
9.973050790035728,70.89632899002653,-0.9455118810597518,0.0219935923701507,10.546111038209752,0.9381643748948587,0.6
10.368815720502411,71.43614073735759,-0.9206402206719112,0.0523618021761635,10.09205566369126,0.9031160896757373,0.6
10.78325375271055,71.96175362506645,-0.8876082482728944,0.0463498091411291,9.67712088627522,0.8720961539845031,0.6
11.213676240515753,72.47411937123032,-0.8466728680080131,0.0746349919917669,9.194919000133869,0.8217013430452079,0.6
11.677604003239551,72.97301608743619,-0.8007492590731523,0.0599282102832865,8.79187043719861,0.7803356935654489,0.6
12.1745367650191,73.46494273551859,-0.7723470328092513,0.0227952495437535,8.240928630079482,0.7643773788988234,0.6
12.680459919844154,73.95003098430544,-0.7924431009530716,-0.0800525117437099,7.6223503207743475,0.8204977317413695,0.6
13.158566439671574,74.46293586809001,-0.8691985623830452,-0.1388426593454102,6.966926071075481,0.9178755925796711,0.6
13.584749370786753,75.02016642938557,-0.9791958834559412,-0.1895106529678324,6.399018235888812,1.0456726494269535,0.6
13.909193889658296,75.58014704783686,-1.1141499753580364,-0.2187783793993818,5.98930326858454,1.1849463951268417,0.6
14.14479232729947,76.16013611505134,-1.253553338473377,-0.2096914218273619,5.99178290714661,1.3191860232064831,0.6
14.307699277380507,76.79387246625801,-1.384784721882335,-0.1947014023975737,6.2292320710301015,1.448483826767458,0.6
14.389911202045424,77.46266381777319,-1.506492142105016,-0.1710540885115017,6.454919040855122,1.5641222262986412,0.6
14.394437829249211,78.14089154229494,-1.6157303583221994,-0.1519488123023877,6.791378467779339,1.6672594195179806,0.6
14.329013696271916,78.81701624959062,-1.7126253968261127,-0.1369355904779826,7.135910346978438,1.7591347852885832,0.6
14.204958133581158,79.46789380344259,-1.795768972472057,-0.1109656611954405,7.462816174439298,1.8325316155747002,1.2
14.034105917086665,80.10568648071808,-1.859275198486936,-0.0820731559310515,7.808704570857181,1.8863708820554848,1.2
13.831841879798205,80.72520640039494,-1.8529596767796532,0.102280973156185,8.13569198950722,1.8196313279136498,1.2
13.670945070485658,81.35840579021912,-1.816771117155752,0.0087324059942723,8.448466266701901,1.813918581978741,1.2
13.513244975826735,81.99422025440953,-1.8014336807557905,0.0378626087460576,8.753126269478152,1.7890321705944245,1.2
13.370461568478234,82.63806224921598,-1.8111846614985407,-0.0682429774577748,9.049480335174549,1.8336872786056018,2.0
13.201745377738533,83.26498155298067,-1.814324819816125,0.058727027324182,9.332035871664662,1.7952613140849625,1.2
13.054971901277852,83.90784403553431,-1.8151192282676611,-0.0610500380798549,9.610521916802483,1.8352475888460953,1.2
12.884932391091835,84.53577460329399,-1.8173100673070532,0.054522735839661,9.877575630811442,1.7995753013773492,1.2
12.735709473775216,85.17661301225475,-1.8143699025817717,-0.0453247913992782,10.140530687443356,1.8292813731177957,2.0
12.568836509178324,85.80775123129395,-1.8162877139142732,0.039641555920401,10.394853157423515,1.8033481924196786,1.6
12.41775580368028,86.44566198249805,-1.8045308674312672,-0.0036098978199539,10.644126613904165,1.8057141150478615,1.2
12.26524011705088,87.08290497539704,-1.8171766475446205,-0.0351002867101239,10.887577905535258,1.8286762070899008,1.2
12.098671527197864,87.71443827670987,-1.8160876667589485,0.0382847363556147,11.124944780904451,1.8035852051660486,1.2
11.946962193920015,88.35432697289544,-1.81532976277318,-0.0360948299147297,10.965959168997363,1.8271982329282106,0.6
11.781927982396311,88.98381412125103,-1.8222901496432184,0.0148899525749239,10.558540000826522,1.8174452469238298,0.6
11.620968931413104,89.62311032215624,-1.8282669994427905,-0.0333343519318826,10.112037381905498,1.8392547991259516,0.6
11.448748910670403,90.24913902359113,-1.8310937185864036,0.0247619455191296,9.652113908603374,1.8230549337390864,0.6
11.28422728349898,90.88744028525583,-1.822099139271716,0.0029447020455179,9.161605800415234,1.821128619945639,0.6
11.123413014539452,91.51636809683669,-1.800259645782042,0.0632059181210995,8.651401710625406,1.7797442280039373,0.6
10.98643651324626,92.16235326759003,-1.7525904311746516,0.0823170253369716,8.128418638813063,1.7254114890001284,0.6
10.884837081789923,92.81422032847046,-1.6848571642496912,0.1194354206763896,7.605213161779122,1.6454594801519995,0.6
10.834180780173511,93.49142367484768,-1.5990793779311203,0.1358427005125783,7.151768190712689,1.5529543988408885,0.6
10.8463634725467,94.17416377187232,-1.494723607142125,0.1748854407874319,6.652739571834705,1.435012594098341,0.6
10.936509755708954,94.83397466038912,-1.3690844978551453,0.200457082952408,6.257022415443116,1.302337651309442,0.6
11.110984001583844,95.46819708321058,-1.2316165704130186,0.2230192952829144,5.9320841612551565,1.158265071197675,0.6
11.36526765713461,96.04922569740668,-1.0863422858253142,0.2159961774637602,5.934596351208995,1.0178489011791492,0.6
11.71501646443241,96.61592528410752,-0.950077062736926,0.1978379605027341,6.147234032898908,0.8842046257296031,0.6
12.149311288902553,97.14579725190968,-0.821991909504827,0.1769904961262596,6.407808351462097,0.7613638887923179,0.6
12.658206387234827,97.6308001326879,-0.7052155734700624,0.1678651703014885,6.725008522070682,0.6462098048830711,0.6
13.19230758574001,98.03364113532092,-0.5927054324964326,0.1632164127938372,6.920020900359264,0.5381099892353196,0.6
13.75528442756955,98.36966141053009,-0.4837020806871818,0.1673923747082906,6.847158240462634,0.4288279990919673,0.6
14.346490385835864,98.6399627097985,-0.3754605103400324,0.1644911369952412,6.849733199959288,0.3219953229510032,0.6
14.96202211531579,98.84530736974526,-0.2625135957266448,0.18046243938357,6.594545697776945,0.2039648698418539,0.6
15.607565984446223,98.97883241837783,-0.1436857650991949,0.1781858781394192,6.597156841094451,0.0849558580767665,0.6
16.281702375364418,99.03624243933336,-0.0304143275409061,0.168879582393212,6.719501719935871,-0.026716997587565825,0.6
16.927409924902975,99.01898696645424,0.0803569401851675,0.1592672355324524,6.895676778386317,-0.1317943125511767,0.6
17.59513993406715,98.9304708538314,0.1806798597203911,0.1502300360336019,7.09390497201311,-0.23127589483947472,1.2
18.228630331337826,98.78129044810689,0.2733642407325647,0.1312713909408605,7.284570838465088,-0.31608136195346903,1.2
18.83810817251636,98.58196313091184,0.3564883446797454,0.1248207772991819,7.596116272802554,-0.39650856422204633,1.2
19.43531501382742,98.33192234657317,0.4330027642036048,0.1117028906466317,7.857330591890487,-0.4691630578493283,1.2
20.01812584457312,98.03648769967673,0.5018158839505954,0.0993597245624382,8.162905337002403,-0.5342773767894261,1.2
20.583791574816303,97.70179613963175,0.5649392686023621,0.0927941310921981,8.478864117066456,-0.5954343703108137,1.2
21.13091907654892,97.33114182822894,0.6231765587871035,0.0830031467570407,8.785101004528919,-0.6506031600668171,1.2
21.662825280332896,96.92627792734872,0.643110749787775,-0.0226538085913956,9.084364642277013,-0.6355391647614257,1.6
22.195144685236087,96.53362154121636,0.6402713650544966,0.0142322221114009,9.371096175312235,-0.6449784612301266,1.2
22.726553108175096,96.13383717878855,0.66362714647949,0.0546191721801999,9.650773449782852,-0.6817879412962704,1.2
23.256758824279885,95.7035101332722,0.6898065231993741,0.0239762751297577,9.929769285649227,-0.6979927594672432,1.2
23.76920769792339,95.2736357898963,0.7026773576397004,0.0137293981861424,10.195652516015018,-0.7072689933475769,1.6
24.28794077613716,94.83022735659672,0.7280525336593986,0.0593075458316611,10.459955948205922,-0.7482887793097439,1.2
24.8015778565744,94.353364018627,0.767725067677847,0.0554726614058828,10.724628441028766,-0.7871646880940714,2.0
25.2962082344103,93.85698299285096,0.7932561372486796,0.017383799849576,10.982880815843885,-0.7993470033022316,1.6
25.78480175820292,93.35456511303164,0.8013938001521161,0.0058407738470322,11.235222450394229,-0.8034404629760097,2.0
26.271366427497696,92.85011837871448,0.8055801052790326,0.0061121625013079,11.48203567099355,-0.8077220055290301,0.9
26.75525618936972,92.34412699481656,0.8155352631171525,0.0228841825921494,11.723401899634514,-0.8235461721491034,1.6
27.219339182900057,91.84321343650186,0.8291148243903818,0.0162945925009732,11.954119432374004,-0.8346782252664118,0.9
27.67825009929588,91.33668716446849,0.8440548059204644,0.0274412437608695,12.0,-0.8534328092770613,0.6
28.127513013662025,90.8217219254414,0.853367644265111,-0.000190710166573,12.0,-0.8533024792427889,0.6
28.57684296802128,90.3068153253208,0.8571133100132505,0.0111522522201619,12.0,-0.8609239964704873,0.6
29.022252407909733,89.78847950823744,0.8583703706713186,-0.0074733270202626,12.0,-0.8558166636709228,0.6
29.470289093782423,89.27244170498916,0.852316580063856,-0.0102432004362037,11.755790787973435,-0.8488164922408191,0.6
29.921926581837724,88.75955347101717,0.8445195003881915,-0.0125776647974869,11.341563657835795,-0.8402217344046722,0.6
30.377873343438708,88.25065752780273,0.8299459968452509,-0.0295944811831258,10.91170191555858,-0.8198354389101714,0.6
30.85171577043606,87.74300160385387,0.8256085475577909,0.0167614631908794,10.456726852203015,-0.8314284284878153,0.6
31.315880732040554,87.23401033962327,0.8406956946614662,0.0271224654358629,9.98494698955168,-0.850037418774711,0.6
31.766870682119148,86.72059498168514,0.855397652822912,0.0156865450659135,9.493790659141691,-0.8607574681248485,0.6
32.21236578826884,86.20233409563406,0.8493441694026876,-0.0333985009491807,8.975756699745302,-0.8379316001671435,0.6
32.6696027940545,85.69434367834587,0.8242234493715388,-0.0401449574018949,8.425897224621,-0.81050467791544,0.6
33.14023409448781,85.19946673669246,0.8011997993238497,-0.026562162288627,7.838028253329125,-0.7921297186479335,0.6
33.63229502439164,84.70073613812998,0.8177465902704072,0.0748696038690949,7.185132493548144,-0.8439739032093683,0.6
34.08701671003061,84.18935973080663,0.8827057471556295,0.1132578538526319,6.484274429608496,-0.9214573882140438,0.6
34.50057920432231,83.64459775835708,0.9856155676545144,0.1973822968116293,5.707032747598388,-1.0531186552031484,0.6
34.82229734166735,83.07966684685147,1.1556009238143297,0.3193729574332247,4.953971642943676,-1.2594178650123709,0.6
35.01892219921932,82.46874241370477,1.4160300572598363,0.4497702011145879,4.177184666576151,-1.5603117858963582,0.6
35.026221434435215,81.77257766724884,1.7038112090196398,0.4439791252229226,4.1799419844621655,-1.8584020805977375,0.6
34.84280612167261,81.15252744663681,1.9830120414779453,0.3885400254838192,4.360229154182636,-2.108631454644702,0.6
34.51421044179065,80.60164595448855,2.2108171804106496,0.3004744953880844,4.734159585309068,-2.307175822649953,0.6
34.05744944300157,80.09775744428292,2.2014356908422847,-0.3082977083670459,5.045377249649211,-2.096600929566097,0.6
33.713164739411894,79.5044650187104,2.0037147128102526,-0.2997785731020793,5.048094126157392,-1.9008822625748767,0.6
33.512271009144214,78.91812093676283,1.8146092024116207,-0.2693962433121292,5.264189016026948,-1.7311260450701005,0.6
33.410024475327575,78.28586806205719,1.6552660288273984,-0.2280063804764814,5.550866122123614,-1.5822533705104314,0.6
33.40240115898449,77.62051467996748,1.5163215994551418,-0.2020876913730412,5.955428188331296,-1.4490863590032748,1.2
33.48162294229388,76.97282559769273,1.3931774420602332,-0.1697265728450979,6.29593826902017,-1.337803058703718,1.2
33.63373582139606,76.33181849612453,1.288139511642374,-0.1520293335040399,6.701440548712804,-1.2380602426746865,1.2
33.847137714226406,75.71430906801734,1.2718636779244574,0.1027157826907224,7.0686647108167895,-1.3054179962476724,1.6
34.01976478697625,75.07915751288385,1.336839725453662,0.0952940811137638,7.43179401190176,-1.3682006487930054,1.2
34.15245814250281,74.43317679429582,1.336480702046979,-0.0977109944696061,7.778644464623086,-1.3042619588297077,1.2
34.32346718369162,73.80684028648588,1.3346419829400848,0.0921102617408895,8.105640503842148,-1.3645437699795713,0.9
34.45855770103712,73.16117811453647,1.342921744450616,-0.0660134230564983,8.424877043294678,-1.3211490813967732,1.2
34.62040318359041,72.52640581176178,1.3183486429895908,-0.0085721544961771,8.730360438091576,-1.3155409193976033,1.2
34.78537683958879,71.89419579703932,1.330833653448215,0.0465199181612903,9.02475682436714,-1.3460312486886004,2.0
34.93191206307634,71.25326326102999,1.3273502324889974,-0.0573893039052377,9.311605526558614,-1.3084843425573227,1.2
35.10073287668591,70.62450478190036,1.3278019792950706,0.0585890681702757,9.587190564945086,-1.3468735314169946,1.2
35.24716283034522,69.98154062445701,1.329054162494599,-0.0548964186133663,9.858480765173397,-1.3109540431240332,1.2
35.41396063557772,69.35413370611036,1.3278429749988168,0.0512220660146558,10.06442138566581,-1.3444696514485333,1.2
35.56193840110306,68.71151199445693,1.3426970621270684,-0.0054160081323743,9.64730673480626,-1.340911298034033,0.6
35.711093307338814,68.07415803607476,1.3501520474259627,0.0282674487212513,9.160048570548728,-1.3594036175039705,0.6
35.84827659646044,67.43490351794843,1.345929418394478,-0.0409964720940061,8.645991579704884,-1.3325274989946072,0.6
36.003421147657406,66.79614005526898,1.3137071187557192,-0.0576794826230517,8.096325583170053,-1.2947497548126397,0.6
36.18128587760914,66.16826141843657,1.2603711115535887,-0.1056748852332105,7.510945022611122,-1.2258901582209187,0.6
36.40127597190579,65.5559303611692,1.1791795151155895,-0.1447006703792901,6.978868413980501,-1.1321046614485681,0.6
36.67550626744065,64.97144589250496,1.072140126489861,-0.1836491997116968,6.510080808964901,-1.0128567914271358,0.6
37.02124553200822,64.41745013274092,0.941428784684414,-0.2096162594624843,6.118796052429149,-0.8729884662760088,0.6
37.45912903627975,63.89525755519669,0.7909108440481267,-0.236321980367873,5.762706745840716,-0.7103871593143177,0.6
37.98572011488645,63.44228281517248,0.637531204066814,-0.2255875926579384,5.765458007905305,-0.5591781735654188,0.6
38.53330164405722,63.09960341057695,0.4954019432584448,-0.1989802518728397,6.01929808138175,-0.43113416598002924,0.6
39.11567625529081,62.8317143173616,0.3746492501699734,-0.173740560020556,6.340930837684557,-0.31896285462367335,0.6
39.73309667245272,62.62781816643167,0.2669400855864769,-0.1534700062700557,6.697646359087349,-0.21704663493496346,1.2
40.39513216700024,62.48182582827148,0.1727117867454679,-0.1344909737121349,7.068738161154148,-0.12712285396817002,1.2
41.04911685893343,62.398238679707845,0.0864917933368553,-0.1195625702617671,7.432462405233895,-0.04707803142430016,1.2
41.72802026721399,62.36625361028584,0.0688014986071545,0.0641604770332884,7.789656536752491,-0.09060504577533526,1.6
42.40240326782198,62.3049833543691,0.1138689964772807,0.0695818976397551,8.12994672468749,-0.13742808315303448,1.2
43.06477772683806,62.21337706799255,0.1441670672618256,0.0202129007114405,8.452541980340662,-0.15092503875474658,1.2
43.72399813242539,62.11312182736707,0.1259654551339258,-0.0737361830532055,8.76241224934177,-0.101381838642232,0.9
44.3975177915481,62.04460425742677,0.1201520360263119,0.0569478924310985,8.612560966559684,-0.13942881015902148,0.6
45.05032765753188,61.95298930681983,0.1419569892690875,0.0074758678795489,8.06565032199938,-0.1444210618505266,0.6
45.71964370308437,61.85564826817459,0.177734812380138,0.1016648604597027,7.455582633554298,-0.21211590326258534,0.6
46.36032348108084,61.71767437099602,0.2595469086417592,0.145285842128649,6.890163749797252,-0.307154829927554,0.6
46.982699151690895,61.52026101491826,0.3621050734596027,0.1699364174537476,6.383263519585263,-0.41758402010102974,0.6
47.57384604349531,61.25798221984647,0.492236160761244,0.2299360828470399,5.817038797456056,-0.5665878416307167,0.6
48.12170757291635,60.90945187522124,0.6641254066243613,0.2801128907770516,5.293125292748982,-0.7550580799684741,0.6
48.628809093066224,60.43222415343864,0.8479541969214527,0.278765280500331,5.295883369085635,-0.9450190594919924,0.6
49.01921262964825,59.89199808436767,1.0261556063970865,0.251859625941026,5.38096755140034,-1.110094492825697,0.6
49.30566463518859,59.3148499406625,1.1816615256355565,0.2233471095979056,5.717679847966428,-1.2536159236273894,0.6
49.50554242640652,58.70595480219772,1.317197059620189,0.188045175284872,6.03153488400458,-1.3774504612182212,1.2
49.63547176627967,58.04234476352906,1.4308801474837265,0.1575889660264039,6.4483256445528,-1.484161691783065,1.2
49.694144238198106,57.36679960206556,1.5332219938164242,0.1397168641161322,6.856063732879686,-1.5805915233165515,1.2
49.68726545226541,56.66456091608923,1.624098929929216,0.1282961983888396,7.25422559033794,-1.6691488719144545,1.6
49.62066615589032,55.98959704608504,1.7062352359881283,0.1124214233609189,7.619036806431175,-1.7443599247202053,1.2
49.50672673216633,55.33973149384484,1.7276650335605075,-0.0493950366332404,7.957885925162401,-1.7113701646160882,1.6
49.41201516708571,54.67042575454646,1.7332079057218466,0.066189619907497,8.290701903808737,-1.7555791705474777,1.6
49.290777928162925,54.0218037529956,1.7536598623875226,-0.0058207310072414,8.603172680308402,-1.7517394423900678,1.2
49.17210085746122,53.37309680551469,1.7279973511379043,-0.0702091204081488,8.904513802911644,-1.704846887372377,1.2
49.0817106013683,52.7028408824937,1.7233735890765152,0.0561759550106716,9.203312100395236,-1.7423701743172992,2.0
48.96909552940289,52.05292913753365,1.747163969547055,0.0145388533783601,9.485658908964648,-1.7519588573344784,1.2
48.8502810111592,51.40427491755728,1.7387944380413582,-0.0389299132531916,9.759779398493734,-1.7259583571407173,1.6
48.74576342067898,50.73608645446423,1.7213817673675698,-0.0138783283545747,10.033135138947545,-1.716688717571844,1.6
48.649883916551616,50.08356246447156,1.7336681136814178,0.0515080605200427,10.292718030332798,-1.7506536815811609,2.0
48.53194388404096,49.43490649342712,1.7337609230998052,-0.0500121808624689,10.545822453582792,-1.7172746554444742,1.6
48.43334465384736,48.766595747973255,1.730425488915997,0.0398465742756888,10.799015293227765,-1.743884575220423,1.2
48.319663243226586,48.11638490658807,1.7461232931292876,0.0067855096280807,11.040802633582608,-1.7483627621548894,1.2
48.20311032137397,47.46690757689507,1.746686275114753,-0.0050113754680937,11.260934893217843,-1.7450328906891128,1.2
48.08712236200236,46.80796528097605,1.7559954865429035,0.032917367492326,10.837049328288114,-1.7670075420122515,0.6
47.95726937429579,46.15467796323216,1.7534986248048012,-0.0408975220320516,10.398267748904976,-1.7398783631402095,0.6
47.846101366513125,45.50347573434087,1.7144200831279313,-0.0750406812829019,9.962401886532216,-1.6896333560142138,0.6
47.76565800979296,44.82974364823747,1.6647159436447307,-0.0735719857201202,9.73337049592372,-1.6397559977074891,0.6
47.718984393665096,44.15399204476806,1.6102866698384763,-0.0870873420087518,9.426347955928522,-1.5807918580925122,0.6
47.712219766012126,43.47724939208115,1.5495444220233332,-0.0917889769983948,9.246595653309257,-1.5184841427940639,0.6
47.74782043738392,42.79732765658575,1.4868705109628209,-0.0943314017419056,9.121138519171888,-1.4547575117580445,0.6
47.825423252762064,42.13156599041976,1.4226331778835843,-0.0956691139550075,9.057145645177648,-1.3905711586069534,0.6
47.945803174808105,41.47087173609694,1.359519015761432,-0.0965686067370891,9.014865795926388,-1.3270924250708909,0.6
48.10098607508624,40.84675993745387,1.2965883521497106,-0.0941427357147855,9.01741333493249,-1.2663160716729551,0.6
48.29526618184019,40.22852976261754,1.237250139479916,-0.0900310269033023,9.140846994370325,-1.2080783591476199,0.6
48.52436681135647,39.62485348930794,1.180208566189619,-0.0861320266787288,9.297492273311308,-1.1524013946687408,0.6
48.78729656716783,39.03353337683481,1.1268580717676333,-0.0783236886097024,9.46859991765563,-1.1015148565175144,1.2
49.082273592899895,38.45179612589091,1.074858757026936,-0.0809163557599324,9.707010094070444,-1.0484699538660862,1.2
49.41097475517704,37.88079235534231,1.02512067669367,-0.0709798204122686,9.832438308316862,-1.001737972928898,0.6
49.76548406747658,37.32656052690329,0.9830411823780684,-0.0567050471757916,10.084037548185284,-0.9643876855144772,0.9
50.14131219030173,36.78469861637065,0.972940301268606,0.0260801356397036,10.342307926144736,-0.9815394441065753,1.2
50.5058087554168,36.23943681566857,0.9974914220275504,0.0488713617697719,10.59293678968088,-1.0135181059092588,1.6
50.851068417484,35.685394126426345,1.0168257859681349,0.0100494989883524,10.836642954049209,-1.0201060181887716,1.2
51.19552902679797,35.12443398536634,1.0205197761453242,0.0012613819442573,11.076960380373649,-1.0209349458812682,1.2
51.53835477019911,34.56509701211486,1.024063294014795,0.0095860316166632,11.311382068859585,-1.0272076999617012,1.2
51.87593242800864,34.006487927029994,1.013121906355213,-0.042796137178567,11.026476612472187,-0.9991556286732907,0.6
52.23206691055061,33.45287006722356,0.9838583936204788,-0.0464475447533846,10.65205369753832,-0.9685707911877269,0.6
52.60519945084541,32.91005996126938,0.9701874502462948,0.0049091074812692,10.265713574224678,-0.9718042368729853,0.6
52.97654559428153,32.36608911508483,0.9875717900985688,0.0478899587730001,9.806322555164098,-1.003342831305474,0.6
53.33047554801741,31.810801818164048,1.0243995706562634,0.0638843529399854,9.349963335493836,-1.0454332046084645,0.6
53.66108941431082,31.24048796764718,1.064848335000016,0.0596620776273016,8.918306171104764,-1.0845133965399358,0.6
53.9652535379546,30.66509845175315,1.1147237595559234,0.0933257612155277,8.422185149390122,-1.1450937170789683,0.6
54.23261177066056,30.07546330791452,1.1801468206348498,0.1091376367584845,8.024858900742657,-1.215475711163524,0.6
54.456085146410544,29.473222583097733,1.2587749644966844,0.1322565031705869,7.651380106144271,-1.30125326161855,0.6
54.63044535400972,28.84209156874073,1.3469357573420395,0.1386316524868105,7.379979689503048,-1.392321794731023,0.6
54.7474450233276,28.19351301659314,1.448027875633343,0.158807672570605,7.029790611451428,-1.5003571015745458,0.6
54.79681963572367,27.49371933200841,1.5586808265336525,0.1696577334622227,6.801291468741939,-1.6181917932830716,0.6
54.76424490018047,26.806937597445607,1.6737984230321754,0.1654538869126812,6.804014882429202,-1.7306783209045056,0.6
54.65723288113614,26.1433316721775,1.7788496864679268,0.1457971424719249,6.970821450038227,-1.8278508902167443,0.6
54.48923461166344,25.50423938298685,1.8713471208339048,0.1344623445175908,7.283848934658491,-1.9157740708805189,0.6
54.27044516406251,24.89538722333761,1.9557582544648595,0.1245975579760842,7.568815444206547,-1.9960637622652266,1.2
54.00565527521758,24.310739998406174,2.030705649878745,0.1070620582204986,7.840571878289057,-2.0650625928102726,0.9
53.6986633282562,23.74105557408476,2.0986412697816577,0.1012157782966474,8.164046279095055,-2.131391281236675,1.2
53.34588488968522,23.179108404122427,2.161640305066693,0.0903021495172904,8.482905267746089,-2.1915981692665487,1.2
52.95618307503702,22.634162524155723,2.221807224612113,0.0882793660891839,8.793138509658425,-2.25137852723944,1.2
52.525530774988056,22.10224659602649,2.278788605430346,0.0800906675328393,9.089595805217463,-2.306195414902496,1.6
52.06632722203359,21.59466432504433,2.327720538918391,0.0614477216878683,9.385976852823786,-2.3487502529824185,1.6
51.57463091972126,21.095592372578206,2.3465874295406195,-0.0063318670423681,9.679945681285568,-2.3443693816514197,1.6
51.09731326816765,20.606850428951216,2.344312928124177,-0.0001611748801018,9.95824225581273,-2.3442578744072278,1.2
50.60791509950533,20.105627029607167,2.3274116186740224,-0.0493258177876414,10.235760347841753,-2.3101346102175424,1.6
50.14766905958156,19.600903132301728,2.3226941482872454,0.0358629374071402,10.499299007818244,-2.3349424311895666,2.0
49.66303504771628,19.0952196658652,2.3228920476811936,-0.035283670306008,10.762835435854612,-2.3105353746500255,1.2
49.20258915087561,18.59068286887914,2.3229256238059945,0.0353795170782154,11.013768116012796,-2.335008741689253,1.6
48.71792123077026,18.08503114636542,2.3229126073169484,-0.0354176176916389,11.265275826081696,-2.31050901494113,2.0
48.25748847916999,17.580482043181927,2.3270663475591644,0.0472705325082472,11.505255441045405,-2.343210584860812,1.2
47.76860912264208,17.078739827113264,2.3352681142265337,-0.0229002365359649,11.746283539867528,-2.327246913040573,1.2
47.292520541384775,16.574258182371505,2.326189004860844,-0.0030679118003962,11.980168810364804,-2.325124963363451,1.2
46.82024159438888,16.07168117237482,2.332738332467016,0.0217366873060601,12.0,-2.3402337943258176,0.6
46.33287586288405,15.56850434980623,2.3284121689182253,-0.0346158202286324,12.0,-2.3162878221452585,0.6
45.86956147504702,15.066652951904016,2.3229159720582926,0.018927195397675,12.0,-2.329379788567147,0.6
45.38777179315504,14.558306705241126,2.318438628348487,-0.0320343220661398,12.0,-2.307220465582243,0.6
44.928979073029296,14.052222251580776,2.325692234630772,0.0527374529029252,12.0,-2.3437044280206787,0.6
44.43986399503065,13.550733830868428,2.328044721009695,-0.0458526299355625,12.0,-2.3119844287357387,0.6
43.97869548700142,13.046873521773133,2.320498161833214,0.0243117037268957,12.0,-2.3288011632580705,0.6
43.497201657741485,12.538250306352785,2.3210623326898507,-0.0226600521723643,12.0,-2.313126992946673,0.6
43.03546339500984,12.034923385285564,2.3263299527055272,0.0376979603837074,12.0,-2.33920450352073,0.6
42.548649828713934,11.531280355259144,2.3280958663311315,-0.0325281528315834,12.0,-2.3167035307397343,0.6
42.08512815656164,11.029623010993898,2.325808452307407,0.0259969831046516,12.0,-2.3346866419491294,0.6
41.60059497197187,10.523785805251432,2.336697717311352,0.0057425588547173,12.0,-2.3387089326212385,0.6
41.11406494501051,10.019936681523337,2.3262464174570834,-0.0364916007626665,12.0,-2.3134668518642565,0.6
40.65215720975836,9.516768415774065,2.3265342742675936,0.0373109226850063,12.0,-2.339276601674781,0.6
40.16530677131162,9.01315990439883,2.330980218757989,-0.0242938560491319,12.0,-2.3224717732449087,0.6
39.69890897132329,8.514195108607897,2.3287378925791384,0.0178925210580206,12.0,-2.334848212251353,0.6
39.21432313874173,8.008466538106372,2.3192742556571075,-0.0455953746653421,12.0,-2.3033063378523035,0.6
38.75748266029099,7.500554451724835,2.3178586394354284,0.04155436600554,12.0,-2.3320523161590825,0.6
38.27432647768156,6.9934874838811325,2.320069550917934,-0.0350843230796715,12.0,-2.3077830555161807,0.6
37.815253177225685,6.4876657014867725,2.3215462506928883,0.0392998842292827,12.0,-2.3349688044237173,0.6
37.33060567926783,5.981994860343669,2.3196469615144446,-0.0448590129635267,12.0,-2.303936902705246,0.6
36.87346280257738,5.474390687791406,2.3181612733817816,0.041042818436316,12.0,-2.332179681439764,0.6
36.3952440484117,4.972633473012039,2.3235759671578813,-0.024928226347833,11.765562537552231,-2.314936497624953,0.6
35.92769085519883,4.464815577594287,2.311928751166774,-0.0088063088447236,11.347447148273623,-2.3088893463882623,0.6
35.46805496985283,3.959498367345319,2.3194524398083747,0.0301636516081208,10.917935257613353,-2.3297546649151433,0.6
34.98607361159512,3.451331562604185,2.320681623608201,-0.0265662437296794,10.459250282037656,-2.311378317430288,0.6
34.5252073548114,2.9471882945528343,2.322550942915288,0.0319032264493488,9.991656912920392,-2.333446696506095,0.6
34.0413381817208,2.4407888079693656,2.321422978023951,-0.0352049134018021,9.48828284540151,-2.3090940884655953,0.6
33.581611048777404,1.935579124816428,2.321257167088181,0.0347315581784972,8.970201708428391,-2.333119218281083,0.6
33.097909327313175,1.4290228748180454,2.313357397066082,-0.0578413044499235,8.405882132722526,-2.2931012065170595,0.6
32.64616042569246,0.9163442000901298,2.2920185878004333,-0.0030822580473723,7.816167481073691,-2.290965514492537,0.6
32.18286379866963,0.3882909686264568,2.3211081105702718,0.0862573539353297,7.159448023658421,-2.351405346054321,0.6
31.691039515482743,-0.1082668551233894,2.3952282216571943,0.1283366930161553,6.441668070796743,-2.4400757958042183,0.6
31.16936519155672,-0.5490215054585015,2.5064613418175745,0.206127445307503,5.692483157579328,-2.5768509295923723,0.6
30.625233005978345,-0.8937699535267818,2.6790623780241205,0.3169447084474485,4.971227125992511,-2.7811423752238027,0.6
30.021702290952376,-1.121250947418872,2.919717203300612,0.4462508737401844,4.193623824178921,-3.0636460756976325,0.6
29.4024459522863,-1.169617853324901,-3.076949220015328,0.4339612409135693,4.196083953842419,2.9421985125716272,0.6
28.758424366393257,-1.0394743844925571,-2.834674322507159,0.3372167564641719,4.467793499999611,2.723885442696843,0.6
28.175503481095816,-0.7807593354021876,-2.634298090715777,0.2690032864650882,5.006317129547872,2.548524008503075,0.6
27.62320968705573,-0.4085082684689602,-2.470880282069725,0.226778448498529,5.512846016884537,2.3953614508989607,0.6
27.120440707233318,0.056342591678419,-2.342662284602532,0.1504104639767832,5.960867547323649,2.2911671226208266,0.6
26.658194256565665,0.5829846514681662,-2.270024375410073,0.0617500139046915,6.413874666541946,2.2483892698544454,0.6
26.22888828230633,1.1164907799129755,-2.234942283856287,0.0401887933195594,6.827596898535419,2.2211819047159183,2.0
25.82369741776644,1.649066948407491,-2.2565807163966687,-0.1035921390956767,7.208995068959637,2.291242045306034,0.9
25.37282934743652,2.1626678830026584,-2.290119754061357,0.0032844691591933,7.57872016936865,2.288997412048961,2.0
24.923135599938178,2.677256278557444,-2.289158885665162,-0.0004725646435575,7.9312131226289155,2.289320359296456,1.2
24.47327573301122,3.191699371865159,-2.2894221000138613,-0.0002977518385775,8.268692960608062,2.2895238407318077,1.2
24.023311198163867,3.7060509136658943,-2.289654950118591,-0.000383701430962,8.592928774759065,2.2897860594982564,1.2
23.573211781752818,4.220284476525411,-2.289425804311924,0.0010543137426922,8.905367307182035,2.289065549131388,2.0
23.1234829855144,4.734842215457302,-2.2881463881222825,0.0026899869906104,9.207209615924832,2.2872272293127787,1.2
22.67469979638517,5.25022706316868,-2.2861923734676086,0.0030285553617775,9.499466512940524,2.2851575245957894,1.6
22.22698124522111,5.766543134217358,-2.281173555515581,0.0116585082927337,9.78299831288786,2.277189849091433,0.9
21.783361453900355,6.286444330862619,-2.296709015126805,-0.0571192505780983,10.05855896307401,2.3162279211688244,1.2
21.319782691768324,6.788642445984525,-2.336423886533235,-0.0576556462947862,10.326772664113616,2.3561263204936296,1.2
20.824438062326763,7.284054615018643,-2.368512417440781,-0.0353779401051072,10.594659054211109,2.3809047944281185,1.6
20.31722834175227,7.76679732969227,-2.3999695477463026,-0.0559147635611192,10.7704432433362,2.419545781262537,1.2
19.80547607874459,8.217495420353536,-2.433620837028288,-0.0420878496523682,10.4540062306644,2.4479711852633117,0.6
19.29117938909401,8.645103660527472,-2.4451657434411915,0.0082143103921348,10.022039391672095,2.442418704788228,0.6
18.768381417680587,9.084712590952336,-2.4299905981832786,0.0371347132918439,9.533016585100963,2.417307935257978,0.6
18.26705382309561,9.52822571978314,-2.405630631192295,0.0342414803071727,9.028148490012692,2.394170819638772,0.6
17.766804255267076,9.991853169270758,-2.4207195988199133,-0.077674095032538,8.482846497465417,2.447208623271255,0.6
17.24149781308617,10.429293315625753,-2.4816379404321096,-0.1003948513606284,7.976431431635771,2.5159525762354833,0.6
16.685533278915855,10.83095442660608,-2.552154941598032,-0.1086891685635118,7.49204273233029,2.5894289207834067,0.6
16.118363718862696,11.180379792961135,-2.637779311933168,-0.1533317227310058,6.954640395924554,2.6888527529175805,0.6
15.551224821645334,11.456258150541618,-2.745820580839605,-0.1764180472854215,6.557191824593772,2.801451411069814,0.6
14.942405750778107,11.671716663987793,-2.868455388575869,-0.2029452607670105,6.129277673606549,2.933987330561139,0.6
14.29627913723695,11.807816935593646,-3.0179157176752254,-0.2484290626817525,5.620531973374653,3.099933018289774,0.6
13.621210164214816,11.835956343579928,3.0937428143468386,-0.2623371907725061,5.469513991615195,-3.0051192431305687,0.6
12.945163816148124,11.743116897919723,2.9210966352840964,-0.2562760512651962,5.472216831018997,-2.8336521746281833,0.6
12.320258255808298,11.544360590776922,2.7575214120065,-0.2344935359185956,5.665608624690677,-2.6806358420709837,0.6
11.738703204922343,11.25553650048251,2.605395671758778,-0.230701738041879,5.832478180367737,-2.530495550486976,0.6
11.20448209202182,10.881286222165148,2.4478193655497966,-0.2385381500991886,5.73587480293974,-2.370029027966556,0.6
10.707619896868778,10.397985000009722,2.277589283562098,-0.2829404719993941,5.266610405758445,-2.1795211712861553,0.6
10.333944630063613,9.861882840090196,2.060406654791481,-0.3632051232903274,4.648393833082159,-1.9417336899430628,0.6
10.096187253580323,9.2505901076915,1.818915292640631,-0.3669603231345787,4.624548629819243,-1.6985764097701175,0.6
10.010890329059592,8.586698045472694,1.584421583990589,-0.335361646935961,4.6271997073397655,-1.472188680901734,0.6
10.07790992500948,7.909243133704088,1.3811588576781917,-0.2757833131100336,5.071835929868263,-1.2872834144478553,1.2
10.262583248083288,7.275414448548371,1.2145591943524918,-0.2272778547262983,5.4913606891010325,-1.1395344892990797,1.2
10.530104841352497,6.69403427689123,1.0783124310786345,-0.1918936634091482,5.920221984115811,-1.016908540640888,1.2
10.865735746424676,6.151352474150109,0.9596495781544124,-0.1648359758655641,6.3366949727172335,-0.9070622944781239,1.6
11.29372060338612,5.6041310973780085,0.8562782627112269,-0.1447603354654859,6.761019511922681,-0.805995234597874,1.6
11.779521987261774,5.097893730726465,0.7633235707409434,-0.1255050657508283,7.164104553240052,-0.7192943274680442,1.6
12.29107056179025,4.64986917524358,0.6807793140265114,-0.1159907333576274,7.534217994801311,-0.6413418922857094,1.6
12.823216923450032,4.252551846593946,0.6393109522776871,-0.005980446883336,7.87891572935025,-0.6373251179048431,1.6
13.369078067272056,3.848399320582068,0.6403723960110836,0.0091054178950092,8.216499263111595,-0.6434645658771533,1.6
13.904559114212432,3.4468191095997653,0.6744424908122207,0.0906936894498059,8.536130496742775,-0.7047945307398382,1.2
14.424930380411553,3.004234144529388,0.6904128810208767,-0.0430051080284658,8.850455940322883,-0.6757238130179753,1.6
14.946791851141027,2.585903112993769,0.6914685855025077,0.0460944700860745,9.14774563966004,-0.7068833694206917,1.6
15.466253421442914,2.142218538767512,0.6994168813825724,-0.0220510453524618,9.441740536137068,-0.6918847755686474,1.6
15.987728166660617,1.710171658130669,0.6830149086463564,-0.0262938280261031,9.72440577925944,-0.6741118124388542,1.2
16.51482428758942,1.289038331343786,0.6895000255647519,0.0450529716867968,9.998072385213712,-0.7046980289773979,0.9
17.03522707285302,0.8465130994404326,0.6837974230400545,-0.0624905116897333,10.267734921457398,-0.6624532519725612,1.6
17.562662518568402,0.4350905819793986,0.6698115092007884,0.0220019363814501,10.525101253125072,-0.6771702988100801,1.2
18.08394842527356,0.0159809297353064,0.6787178815126977,0.0045317929390245,10.262010194782732,-0.6802334798363706,0.6
18.61492186640278,-0.4136018627909656,0.6639989517528238,-0.0485148439707344,9.785039868178927,-0.6474313809455967,0.6
19.14874819401352,-0.8172595716675808,0.6513657684839633,0.0114986330123516,9.321275256279325,-0.6552135607544476,0.6
19.69135979028991,-1.2342369095371917,0.6726175243936863,0.0514979154114995,8.792363491090825,-0.690238129599753,0.6
20.21255011764713,-1.664602798071957,0.7217572963461921,0.093175476994987,8.236681221741437,-0.7532464037476949,0.6
20.70607805458873,-2.1273734534887367,0.7968785367980922,0.124541161401541,7.774821996327343,-0.8390075414186574,0.6
21.17427266181579,-2.648664655165732,0.8806445371240967,0.1233721514251888,7.424062796709137,-0.9238671350396908,0.6
21.58111528990375,-3.187264965166481,0.9748251313551962,0.1593863883238047,6.942870541288217,-1.0286185194626931,0.6
21.911069839582524,-3.735003895582192,1.086397919120364,0.1804061826889724,6.5955738121261005,-1.1440776407297857,0.6
22.17618336407135,-4.318112487127252,1.203884583275968,0.1811817521522933,6.581442192299265,-1.2619112920820832,0.6
22.376874609911557,-4.947044307860519,1.3219933260277013,0.1816106771482499,6.573665671901591,-1.3819407407888844,0.6
22.501090683227147,-5.596936487983154,1.4426840437369708,0.1782160646387799,6.576286508784819,-1.5016418969793084,0.6
22.54819359131868,-6.276976753930514,1.560115977818208,0.1727842820008119,6.727831007147693,-1.6190071136684248,0.6
22.5155748713115,-6.953037995094656,1.6759106691014485,0.1677079739432329,6.79312241995055,-1.7326669664080514,0.6
22.40620821539123,-7.622768906582504,1.7839767064995398,0.1572178083701119,6.922026234134389,-1.8373217880928177,0.6
22.23429048773056,-8.252455635591152,1.8870986239989644,0.1540227605311309,7.1265659884547405,-1.9373667402178174,0.6
22.002625004616675,-8.855872379819386,1.9862195357860828,0.1501896678914552,7.1836712433313705,-2.034757674222253,0.6
21.71150928652212,-9.437647431427589,2.0878774379806733,0.1637943893752198,6.885867257592877,-2.1411554348746518,0.6
21.361299179896065,-9.983592224174524,2.2032547946396286,0.1830754967719914,6.5473144654691895,-2.2626259744779613,0.6
20.928526414923,-10.506001720225411,2.32391934194464,0.1794585477488295,6.524934751615362,-2.3847899229353886,0.6
20.4318966257551,-10.975011110387502,2.455281441597508,0.2134265157631136,6.063931580769835,-2.528178184017013,0.6
19.8917416443484,-11.355287474546182,2.5966972397249197,0.2096141775682405,6.066548145491248,-2.6659321913220375,0.6
19.310547263388656,-11.654665079833276,2.730882947972145,0.1999219469752976,6.219979880386613,-2.7962346138039176,0.6
18.699149046050337,-11.874632019102943,2.859522255628355,0.1930074458316222,6.357322459462598,-2.922226513120711,0.6
18.05906375568601,-12.017341569115096,2.984147953086135,0.1829134374854056,6.445643929681916,-3.044124173309356,0.6
17.38523306395247,-12.08322759624956,3.10560557263234,0.1756454299984761,6.6483051762777565,3.11812111256798,0.6
16.6853773117073,-12.066797886025617,-3.062415771172924,0.1659318871574211,6.768149282942372,3.0043342988950332,0.6
16.020252664627733,-11.974926296182923,-2.9555414516858884,0.1493475009765878,6.959250224752166,2.9054019866568055,0.6
15.384972979543916,-11.822025286111243,-2.86378533541658,0.1293434071663278,7.239535123084155,2.8215272984741646,1.2
14.77414444161117,-11.619558874445827,-2.782098113038441,0.1220131840305054,7.582881284491229,2.742839851066703,1.2
14.178540513122256,-11.368616732054376,-2.7082282295558304,0.1064025201243771,7.8769522731506,2.6738437936515878,1.2
13.597843879787147,-11.075285303150538,-2.641086690194642,0.0998281677952545,8.200670837045253,2.6086137290598854,1.2
13.03260138447662,-10.74183428119976,-2.5780216960454214,0.0923676608735392,8.514760837425447,2.5477127354625715,1.2
12.483623528309664,-10.371170134460264,-2.5197683979759447,0.0833793987691677,8.820449021242364,2.4921533459536707,1.2
11.94978712262258,-9.96581744633964,-2.4664027075463464,0.075496492430789,9.119356412566036,2.4411003878151973,1.6
11.42825378625551,-9.526096922839017,-2.444385199578325,-0.0098083635099308,9.413819285067522,2.447730668286058,1.6
10.9133250422626,-9.097753658160958,-2.4329876718231462,0.0431447394297013,9.694244619572087,2.4185385488979456,1.2
10.4009047566814,-8.645549981974899,-2.423472788303507,-0.0144405700287429,9.972248376145822,2.4284072745246257,1.2
9.88407267432413,-8.198447543509047,-2.437088973332952,-0.0256177800853481,10.242696087464775,2.445842386312553,1.6
9.363821622502684,-7.764012139967747,-2.455086959490953,-0.0274313098217576,10.504052527036082,2.4643832534278802,1.2
8.838544334899467,-7.341659633148545,-2.452379373105753,0.0351449186456953,10.757660027852628,2.440535254229593,1.6
8.316540618673812,-6.901037568146984,-2.4537144340498904,-0.0394089226866047,11.00872873060138,2.4671747051979,1.6
7.794127169819305,-6.483383465153782,-2.4546940077956987,0.0365433901240216,11.249126680932786,2.442473121755789,1.2
7.271305705957886,-6.0438033451253,-2.456644889924019,-0.0423750629171644,11.489444843152889,2.471117286478911,1.2
6.747225668642471,-5.628193093593943,-2.4583481628245973,0.0373895834855196,11.71999704990704,2.44584371897609,1.6
6.222949147623723,-5.190397409716205,-2.455540776117124,-0.0289969696135954,11.95083998787088,2.4654436895765017,1.2
5.701267381998974,-4.771845993514809,-2.452964235950696,0.0365372727243295,12.0,2.440745581577602,0.6
5.179170718272943,-4.331333490145191,-2.4428901725397933,-0.0063264189225086,12.0,2.4450509854358,0.6
4.659116062491705,-3.896363061074009,-2.4553603317044077,-0.0305986464141365,12.0,2.4657329593911657,0.6
4.133404062173113,-3.474828044571865,-2.451132587460046,0.0427440734809467,12.0,2.4367311893286936,0.6
3.613045735988017,-3.032194057465908,-2.4542399871630454,-0.052352407692543,12.0,2.47212235142466,0.6
3.088540816068374,-2.617104868543624,-2.4638948098292963,0.0240928824936594,12.0,2.4558371521431552,0.6
2.559950763919119,-2.1845991630337918,-2.453115587959598,0.0081382966467262,12.0,2.4503364202669293,0.6
2.0446543197193066,-1.7582169902692932,-2.441481315325109,0.0259297189911862,12.0,2.4328100441370464,0.6
1.5261454935309118,-1.3136402164435133,-2.4395898490177723,-0.0198468757786261,12.0,2.446367636341797,0.6
1.0015009907191228,-0.8760035849542369,-2.459920385852152,-0.0405225307995975,12.0,2.473763120320326,0.6
0.4763024226054853,-0.4617650642733899,-2.454926290882192,0.0551480976362833,11.929171761356695,2.4364820348756395,0.6
-0.0439323561838236,-0.0190127153535293,-2.4473989336360686,-0.0326456544321291,11.931877899795936,2.4585496381983805,0.6
-0.5627002301247757,0.403112205595491,-2.4491152221980754,0.0276286175629967,12.0,2.4398760488828404,0.6
-1.0842893650033645,0.843973467955216,-2.4453490168014,-0.0160228610432293,12.0,2.450820383241773,0.6
-1.6108261709406335,1.279227356802508,-2.4577614315517327,-0.020755806683554,12.0,2.4648510445212097,0.6
-2.1322574361778024,1.6980859787690823,-2.4512168249734665,0.0399176999257381,12.0,2.4378677628565195,0.6
-2.653090561933375,2.140104533863827,-2.453779889314529,-0.0475795992289869,12.0,2.470031098048679,0.6
